,start_time_seconds,end_time_seconds,source,emission_rate
0,0.0,1799.0,['Wellhead.West'],[1.6523388000000003]
1,3601.0,5399.0,"['Separator.West', 'Separator.East', 'Tank']","[0.5543496, 0.5359284, 0.3388644]"
2,5399.0,5400.0,"['Separator.East', 'Separator.West']","[0.5359284, 0.5543496]"
3,7201.0,7202.0,"['Wellhead.East', 'Wellhead.West', 'Separator.West']","[0.5530644000000001, 0.4798080000000001, 0.5642028]"
4,7202.0,10800.0,"['Separator.West', 'Separator.East', 'Wellhead.West', 'Wellhead.East']","[0.5642028, 0.5449248000000001, 0.4798080000000001, 0.5530644000000001]"
5,10800.0,10801.0,['Wellhead.West'],[0.4798080000000001]
6,12602.0,19801.0,"['Separator.East', 'Separator.West', 'Wellhead.East']","[0.7655508000000001, 0.5791968000000001, 0.5770548000000001]"
7,19801.0,19802.0,['Separator.East'],[0.7655508000000001]
8,27004.0,28803.0,"['Wellhead.West', 'Tank']","[1.6613352, 0.3452904]"
9,28803.0,28804.0,['Tank'],[0.3452904]
10,30606.0,32404.0,"['Separator.West', 'Separator.East', 'Tank']","[0.5672016, 0.5470668000000001, 0.8752212]"
11,32404.0,32405.0,"['Separator.East', 'Separator.West']","[0.5470668000000001, 0.5672016]"
12,34207.0,37806.0,"['Separator.West', 'Separator.East', 'Wellhead.West']","[0.571914, 0.5496372, 0.4746671999999999]"
13,37806.0,37807.0,['Wellhead.West'],[0.4746671999999999]
14,39608.0,39609.0,"['Separator.West', 'Wellhead.East']","[0.5839092, 0.582624]"
15,39609.0,46807.0,"['Wellhead.East', 'Separator.West', 'Separator.East']","[0.582624, 0.5839092, 0.7728336]"
16,46807.0,46808.0,['Separator.West'],[0.5839092]
17,50410.0,50411.0,"['Separator.East', 'Tank']","[1.1853828000000002, 0.8786484000000001]"
18,50411.0,57609.0,"['Separator.East', 'Wellhead.West', 'Tank']","[1.1853828000000002, 2.0935908, 0.8786484000000001]"
19,57609.0,58240.0,['Separator.East'],[1.1853828000000002]
20,61212.0,72011.0,"['Wellhead.East', 'Separator.West', 'Wellhead.West']","[1.3374648, 1.9954872000000008, 2.0576052]"
21,72011.0,72012.0,['Wellhead.East'],[1.3374648]
22,74306.0,74339.0,['Tank'],[0.4828068]
23,74340.0,74363.0,['Tank'],[0.2587536]
24,74364.0,74385.0,['Tank'],[0.1966356]
25,74386.0,74450.0,['Tank'],[0.4660992000000001]
26,74451.0,74496.0,['Tank'],[0.2630376]
27,74497.0,74573.0,['Tank'],[0.1589364]
28,74574.0,74720.0,['Tank'],[0.1152396]
29,75185.0,75278.0,['Tank'],[0.1272348]
30,75279.0,75326.0,['Tank'],[0.2154852]
31,75327.0,75376.0,['Tank'],[0.3611412]
32,75377.0,75405.0,['Tank'],[0.2917404]
33,75406.0,75463.0,['Tank'],[0.0484092]
34,75464.0,75494.0,['Tank'],[0.094248]
35,75495.0,75519.0,['Tank'],[0.1507968]
36,75520.0,75627.0,['Tank'],[0.5269320000000002]
37,75628.0,75797.0,['Tank'],[0.089964]
38,79216.0,84605.0,"['Separator.East', 'Wellhead.West', 'Separator.West', 'Wellhead.East']","[1.3627404, 2.643228, 1.5628032, 0.7998228000000002]"
39,84605.0,86415.0,"['Separator.East', 'Wellhead.East', 'Wellhead.West', 'Separator.West']","[1.37088, 0.8079624000000001, 2.6693604, 1.5795108]"
40,90019.0,93618.0,"['Wellhead.West', 'Separator.West']","[1.1622492, 1.1134115999999998]"
41,97222.0,97223.0,['Separator.West'],[0.5492088000000002]
42,97223.0,100822.0,"['Separator.East', 'Separator.West']","[0.5286456, 0.5492088000000002]"
43,104426.0,108024.0,"['Separator.West', 'Wellhead.West', 'Separator.East', 'Wellhead.East']","[0.5577768, 0.4678128, 0.5367852, 0.5462100000000001]"
44,108024.0,108025.0,"['Wellhead.West', 'Separator.East', 'Separator.West']","[0.4678128, 0.5367852, 0.5577768]"
45,113430.0,115229.0,['Wellhead.West'],[1.6437708]
46,117032.0,117033.0,"['Separator.East', 'Separator.West']","[0.6078996000000001, 0.6361740000000001]"
47,117033.0,118831.0,"['Separator.West', 'Tank', 'Separator.East']","[0.6361740000000001, 1.3169016, 0.6078996000000001]"
48,118831.0,118832.0,['Separator.East'],[0.6078996000000001]
49,120635.0,124234.0,"['Separator.East', 'Wellhead.West', 'Separator.West']","[0.5466384000000001, 0.4656708, 0.5680584000000001]"
50,126038.0,133237.0,"['Separator.East', 'Separator.West', 'Wellhead.East']","[0.7651224, 0.5783400000000001, 0.5766264]"
51,136840.0,144039.0,"['Wellhead.West', 'Tank', 'Separator.East']","[2.062746, 1.9355112, 0.7522704]"
52,147642.0,147643.0,"['Separator.West', 'Wellhead.West']","[1.9907748, 2.0400408]"
53,147643.0,158442.0,"['Wellhead.West', 'Separator.West', 'Wellhead.East']","[2.0400408, 1.9907748, 1.332324]"
54,165644.0,165645.0,"['Wellhead.West', 'Separator.West']","[2.6462268000000004, 1.5469524]"
55,165645.0,171005.0,"['Separator.West', 'Wellhead.West', 'Separator.East', 'Wellhead.East']","[1.5469524, 2.6462268000000004, 1.3541724000000002, 0.7976808000000001]"
56,171006.0,172843.0,"['Separator.West', 'Wellhead.West', 'Separator.East', 'Wellhead.East']","[1.5885072, 2.6723592000000003, 1.4180039999999998, 0.826812]"
57,172843.0,172844.0,"['Separator.West', 'Separator.East']","[1.5885072, 1.4180039999999998]"
58,176447.0,180045.0,"['Separator.West', 'Wellhead.West']","[1.122408, 1.1571084000000005]"
59,180045.0,180046.0,['Separator.West'],[1.122408]
60,183648.0,187247.0,"['Separator.East', 'Tank', 'Separator.West']","[0.6001884, 1.3203288, 0.6276060000000001]"
61,187247.0,187248.0,"['Tank', 'Separator.West']","[1.3203288, 0.6276060000000001]"
62,190850.0,190851.0,"['Separator.East', 'Separator.West', 'Wellhead.West']","[0.5355000000000001, 0.5560632000000001, 0.4678128]"
63,190851.0,194450.0,"['Separator.East', 'Separator.West', 'Wellhead.East', 'Wellhead.West']","[0.5355000000000001, 0.5560632000000001, 0.5432112, 0.4678128]"
64,199855.0,201653.0,['Wellhead.West'],[1.6369164]
65,203457.0,205256.0,"['Separator.East', 'Separator.West']","[0.5329296, 0.5526360000000001]"
66,207060.0,207061.0,"['Separator.West', 'Wellhead.West']","[0.5552064000000001, 0.4682412000000001]"
67,207061.0,210659.0,"['Wellhead.West', 'Separator.West', 'Separator.East']","[0.4682412000000001, 0.5552064000000001, 0.5342148000000001]"
68,212462.0,212463.0,['Separator.East'],[0.7531272]
69,212463.0,219662.0,"['Separator.West', 'Separator.East', 'Wellhead.East']","[0.5667732000000001, 0.7531272, 0.5650596]"
70,223265.0,230464.0,"['Separator.East', 'Wellhead.West', 'Tank']","[1.1648196000000004, 2.0644596, 3.3226704]"
71,234066.0,234067.0,"['Wellhead.East', 'Separator.West']","[1.3267548, 1.9774944]"
72,234067.0,244866.0,"['Wellhead.West', 'Wellhead.East', 'Separator.West']","[2.0408976, 1.3267548, 1.9774944]"
73,252000.0,257405.0,"['Separator.West', 'Separator.East', 'Wellhead.West', 'Wellhead.East']","[1.5396696, 1.368738, 2.6457984000000003, 0.7933968]"
74,257405.0,259199.0,"['Wellhead.East', 'Wellhead.West', 'Separator.East', 'Separator.West']","[0.8126748, 2.6736444, 1.4128632, 1.5760836]"
75,262800.0,266399.0,"['Wellhead.West', 'Separator.West']","[1.1648196000000004, 1.122408]"
76,270002.0,273600.0,"['Separator.West', 'Tank', 'Separator.East']","[0.6318900000000001, 1.3297536000000003, 0.604044]"
77,273600.0,273601.0,"['Tank', 'Separator.West']","[1.3297536000000003, 0.6318900000000001]"
78,277203.0,280802.0,"['Wellhead.East', 'Separator.East', 'Wellhead.West', 'Separator.West']","[0.5496372, 0.5436396, 0.4703832000000001, 0.5616324]"
79,286204.0,288003.0,['Wellhead.West'],[1.6519104000000002]
80,289805.0,291604.0,"['Tank', 'Separator.West', 'Separator.East']","[1.3246128, 0.6430284, 0.6173244000000001]"
81,291604.0,291605.0,['Separator.West'],[0.6430284]
82,293406.0,293407.0,"['Separator.East', 'Separator.West']","[0.5509224, 0.5710572]"
83,293407.0,297005.0,"['Separator.West', 'Separator.East', 'Wellhead.West']","[0.5710572, 0.5509224, 0.4639572]"
84,297005.0,297006.0,"['Separator.East', 'Wellhead.West']","[0.5509224, 0.4639572]"
85,298808.0,298809.0,"['Separator.East', 'Wellhead.East']","[0.7728336, 0.5796252000000001]"
86,298809.0,306008.0,"['Separator.West', 'Wellhead.East', 'Separator.East']","[0.5813388000000002, 0.5796252000000001, 0.7728336]"
87,309610.0,309611.0,['Wellhead.West'],[2.0781684]
88,309611.0,316809.0,"['Separator.East', 'Wellhead.West', 'Tank']","[1.1840976, 2.0781684, 3.345804]"
89,316809.0,316810.0,['Separator.East'],[1.1840976]
90,320413.0,322856.0,"['Wellhead.East', 'Wellhead.West', 'Separator.West']","[1.3417488, 2.052036, 1.9976292]"
91,322856.0,324479.0,"['Wellhead.East', nan, 'Wellhead.West', 'Separator.West']","[1.3417488, -0.2596103999999999, 2.052036, 1.9976292]"
92,324479.0,327684.0,"[nan, 'Tank', 'Wellhead.East', 'Tank', 'Separator.West', 'Wellhead.West', nan]","[-0.2596103999999999, 0.0098532, 1.3417488, 0.0848232, 1.9976292, 2.052036, -9.926884800000002]"
93,327684.0,328118.0,"['Wellhead.East', 'Tank', nan, 'Wellhead.West', 'Separator.West', 'Tank']","[1.3417488, 0.0098532, -9.926884800000002, 2.052036, 1.9976292, 0.0848232]"
94,328118.0,331212.0,"['Separator.West', 'Wellhead.West', nan, 'Wellhead.East']","[1.9976292, 2.052036, -9.926884800000002, 1.3417488]"
95,331212.0,338415.0,[nan],[-9.926884800000002]
96,338415.0,343801.0,"['Separator.West', nan, 'Wellhead.East', 'Separator.East', 'Wellhead.West']","[1.576512, -9.926884800000002, 0.8113896, 1.394442, 2.6672184000000003]"
97,343801.0,345615.0,"['Separator.East', nan, 'Separator.West', 'Wellhead.West', 'Wellhead.East']","[1.4274288, -9.3258396, 1.5996456000000006, 2.6924940000000004, 0.8340948]"
98,345615.0,352818.0,[nan],[-9.3258396]
99,352818.0,360017.0,"['Separator.West', 'Separator.East', nan, 'Wellhead.East']","[0.5766264, 0.3054492, -9.3258396, 0.3204432]"
100,360017.0,367221.0,[nan],[-9.3258396]
101,367221.0,370820.0,"[nan, 'Wellhead.West']","[-9.3258396, 1.1695320000000002]"
102,370820.0,378022.0,[nan],[-9.3258396]
103,378022.0,399622.0,"['Wellhead.West', nan, 'Separator.West']","[0.5629176, -9.3258396, 0.6477408]"
104,399622.0,410425.0,[nan],[-9.3258396]
105,410425.0,410426.0,"['Tank', nan, 'Wellhead.East', 'Separator.East']","[0.3919860000000001, -9.3258396, 0.3187296, 0.3037356]"
106,410426.0,430198.0,"['Tank', 'Separator.West', nan, 'Wellhead.West', 'Wellhead.East', 'Separator.East']","[0.3919860000000001, 0.3392928, -9.3258396, 0.2287656, 0.3187296, 0.3037356]"
107,430199.0,432024.0,"['Wellhead.West', 'Wellhead.East', 'Tank', 'Separator.East', nan, 'Separator.West']","[0.2274803999999999, 0.3251556, 0.3979836, 0.3118752000000001, -9.6912648, 0.3440052]"
108,432024.0,442828.0,[nan],[-9.6912648]
109,442828.0,446427.0,"['Separator.West', nan]","[0.334152, -9.6912648]"
110,446427.0,457230.0,[nan],[-9.6912648]
111,457230.0,460829.0,"['Wellhead.West', nan, 'Separator.West']","[0.5680584000000001, -9.6912648, 0.5714855999999999]"
112,460829.0,475233.0,[nan],[-9.6912648]
113,475233.0,475234.0,"['Separator.West', 'Wellhead.West', nan, 'Wellhead.East', 'Separator.East']","[0.3311532, 0.565488, -9.6912648, 0.1957788, 0.3050208000000001]"
114,475234.0,479618.0,"['Separator.West', 'Wellhead.West', nan, 'Separator.East', 'Tank', 'Wellhead.East']","[0.3311532, 0.565488, -9.6912648, 0.3050208000000001, 0.4254012, 0.1957788]"
115,479618.0,504032.0,"['Wellhead.East', 'Tank', 'Separator.East', 'Wellhead.West', 'Separator.West']","[0.1957788, 0.4254012, 0.3050208000000001, 0.565488, 0.3311532]"
116,504032.0,504033.0,"['Wellhead.West', 'Wellhead.East']","[0.565488, 0.1957788]"
117,516605.0,518434.0,[nan],[0.9030672]
118,518434.0,529233.0,"['Separator.West', nan, 'Wellhead.West']","[0.5727708, 0.9030672, 1.1763864000000002]"
119,529233.0,543637.0,[nan],[0.9030672]
120,543637.0,554436.0,"['Separator.West', nan]","[1.6352028000000003, 0.9030672]"
121,554436.0,568840.0,[nan],[0.9030672]
122,568840.0,576038.0,"['Wellhead.West', 'Separator.East', nan, 'Separator.West']","[1.640772, 0.7552692000000001, 0.9030672, 0.3294396]"
123,576038.0,576039.0,"[nan, 'Separator.West', 'Separator.East']","[0.9030672, 0.3294396, 0.7552692000000001]"
124,576039.0,583243.0,[nan],[0.9030672]
125,583243.0,583244.0,"['Tank', 'Separator.East', 'Wellhead.East', nan]","[1.902096, 0.2818872, 0.6036156000000001, 0.9030672]"
126,583244.0,590442.0,"['Separator.East', nan, 'Wellhead.East', 'Tank', 'Separator.West', 'Wellhead.West']","[0.2818872, 0.9030672, 0.6036156000000001, 1.902096, 1.9616436000000004, 2.6470836]"
127,590442.0,590443.0,"[nan, 'Wellhead.West', 'Tank', 'Wellhead.East']","[0.9030672, 2.6470836, 1.902096, 0.6036156000000001]"
128,590443.0,594760.0,[nan],[0.9030672]
129,594760.0,594770.0,"[nan, 'Separator.West']","[0.9030672, 0.1640772]"
130,594770.0,594778.0,[nan],[0.9030672]
131,594778.0,594847.0,"['Wellhead.West', nan]","[0.265608, 0.9030672]"
132,594847.0,594925.0,[nan],[0.9030672]
133,594925.0,595365.0,"['Wellhead.West', nan]","[0.46053, 0.9030672]"
134,595365.0,595366.0,"['Wellhead.West', 'Wellhead.West', nan]","[4.389814800000001, 0.46053, 0.9030672]"
135,595366.0,595501.0,"[nan, 'Wellhead.West']","[0.9030672, 4.389814800000001]"
136,595501.0,595502.0,[nan],[0.9030672]
137,595502.0,595520.0,"[nan, 'Wellhead.West']","[0.9030672, 4.5020556]"
138,595520.0,595521.0,[nan],[0.9030672]
139,595521.0,595550.0,"['Wellhead.West', nan]","[2.6783568000000004, 0.9030672]"
140,595550.0,595564.0,[nan],[0.9030672]
141,595564.0,595809.0,"[nan, 'Wellhead.West']","[0.9030672, 0.6297480000000001]"
142,595809.0,595810.0,[nan],[0.9030672]
143,595810.0,595862.0,"[nan, 'Wellhead.West']","[0.9030672, 0.923202]"
144,595862.0,597102.0,[nan],[0.9030672]
145,597102.0,597103.0,"[nan, 'Wellhead.West']","[0.9030672, 3.324384]"
146,597103.0,597104.0,"['Wellhead.West', 'Wellhead.East', nan]","[3.324384, 2.2049748000000005, 0.9030672]"
147,597104.0,597105.0,"['Separator.East', 'Wellhead.West', nan, 'Wellhead.East']","[2.5845372, 3.324384, 0.9030672, 2.2049748000000005]"
148,597105.0,597322.0,"['Tank', 'Separator.West', 'Wellhead.East', 'Wellhead.West', 'Separator.East', nan]","[3.3556572, 2.9456784, 2.2049748000000005, 3.324384, 2.5845372, 0.9030672]"
149,597322.0,597324.0,"['Separator.West', 'Wellhead.East', 'Separator.East', nan, 'Tank']","[2.9456784, 2.2049748000000005, 2.5845372, 0.9030672, 3.3556572]"
150,597324.0,597379.0,"['Separator.West', 'Separator.East', nan, 'Tank']","[2.9456784, 2.5845372, 0.9030672, 3.3556572]"
151,597379.0,597395.0,"['Separator.East', nan, 'Tank']","[2.5845372, 0.9030672, 3.3556572]"
152,597395.0,597473.0,"['Tank', 'Separator.East', nan, 'Separator.West']","[3.3556572, 2.5845372, 0.9030672, 2.9700972]"
153,597473.0,597523.0,"['Separator.East', 'Tank', nan]","[2.5845372, 3.3556572, 0.9030672]"
154,597523.0,597559.0,"['Separator.East', 'Separator.West', nan, 'Tank']","[2.5845372, 2.98809, 0.9030672, 3.3556572]"
155,597559.0,597580.0,"[nan, 'Tank']","[0.9030672, 3.3556572]"
156,597580.0,597669.0,[nan],[0.9030672]
157,597669.0,598198.0,"['Separator.West', nan]","[0.5080824, 0.9030672]"
158,598198.0,598199.0,[nan],[0.9030672]
159,598199.0,598234.0,"[nan, 'Separator.West']","[0.9030672, 0.5102244]"
160,598234.0,598257.0,[nan],[0.9030672]
161,598257.0,598321.0,"['Separator.West', nan]","[0.6451704, 0.9030672]"
162,598321.0,598322.0,[nan],[0.9030672]
163,598322.0,598369.0,"['Separator.West', nan]","[0.9523332, 0.9030672]"
164,598369.0,598400.0,[nan],[0.9030672]
165,598400.0,598421.0,"['Separator.West', nan]","[1.7941392000000005, 0.9030672]"
166,598421.0,598422.0,[nan],[0.9030672]
167,598422.0,598465.0,"[nan, 'Separator.West']","[0.9030672, 1.8048492000000005]"
168,598465.0,598515.0,[nan],[0.9030672]
169,598515.0,598551.0,"[nan, 'Wellhead.East']","[0.9030672, 3.0322152]"
170,598551.0,598555.0,[nan],[0.9030672]
171,598555.0,598605.0,"[nan, 'Wellhead.East']","[0.9030672, 1.891386]"
172,598605.0,598621.0,[nan],[0.9030672]
173,598621.0,598728.0,"['Wellhead.East', nan]","[0.9197748, 0.9030672]"
174,598728.0,598729.0,[nan],[0.9030672]
175,598729.0,598747.0,"['Wellhead.East', nan]","[0.9214884000000002, 0.9030672]"
176,598747.0,598757.0,[nan],[0.9030672]
177,598757.0,598825.0,"['Wellhead.East', nan]","[0.4798080000000001, 0.9030672]"
178,598825.0,598826.0,[nan],[0.9030672]
179,598826.0,598922.0,"[nan, 'Wellhead.East']","[0.9030672, 0.4815216]"
180,598922.0,598950.0,[nan],[0.9030672]
181,598950.0,598979.0,"[nan, 'Separator.East']","[0.9030672, 3.0467808000000005]"
182,598979.0,598980.0,[nan],[0.9030672]
183,598980.0,599003.0,"[nan, 'Separator.East']","[0.9030672, 2.8818468000000004]"
184,599003.0,599013.0,[nan],[0.9030672]
185,599013.0,599047.0,"[nan, 'Separator.East']","[0.9030672, 0.8045352000000001]"
186,599047.0,599048.0,[nan],[0.9030672]
187,599048.0,599076.0,"[nan, 'Separator.East']","[0.9030672, 0.8315244]"
188,599076.0,599077.0,[nan],[0.9030672]
189,599077.0,599231.0,"[nan, 'Separator.East']","[0.9030672, 0.8662247999999999]"
190,599231.0,599239.0,[nan],[0.9030672]
191,599239.0,599362.0,"['Separator.East', nan]","[0.4515336, 0.9030672]"
192,599362.0,599366.0,[nan],[0.9030672]
193,599366.0,599396.0,"['Separator.East', nan]","[0.8760780000000001, 0.9030672]"
194,599396.0,599399.0,[nan],[0.9030672]
195,603005.0,613803.0,['Tank'],[1.4171472]
196,621005.0,624604.0,"['Separator.West', 'Separator.East']","[0.8422344, 0.6657336]"
197,628206.0,646205.0,"['Separator.West', 'Wellhead.East', 'Separator.East']","[0.5059404000000001, 0.5736276, 0.5706288]"
198,653407.0,657006.0,['Wellhead.West'],[2.6762148000000003]
199,664208.0,671407.0,['Tank'],[2.8745640000000003]
200,682210.0,689401.0,"['Wellhead.West', 'Separator.West', 'Wellhead.East', 'Separator.East']","[0.6717312000000001, 0.4588164, 0.3247272, 0.4198320000000001]"
201,689401.0,696608.0,"['Separator.East', 'Wellhead.East', 'Separator.West', 'Wellhead.West']","[0.4373964000000001, 0.3324384000000001, 0.4768092, 0.670446]"
202,696608.0,696609.0,"['Separator.West', 'Separator.East', 'Wellhead.West']","[0.4768092, 0.4373964000000001, 0.670446]"
203,700212.0,707410.0,"['Separator.West', 'Wellhead.East']","[0.4810932, 0.5616324]"
204,707410.0,707411.0,['Separator.West'],[0.4810932]
205,711014.0,721813.0,"['Separator.East', 'Separator.West']","[0.5693436000000001, 0.5911920000000002]"
206,729015.0,729016.0,['Tank'],[1.4184324]
207,729016.0,754214.0,"['Tank', 'Separator.West']","[1.4184324, 1.8224136000000004]"
208,768618.0,775800.0,['Tank'],[1.4004396]
209,775800.0,779417.0,['Tank'],[1.4150052]
210,801020.0,804619.0,['Separator.West'],[0.8422344]
211,815421.0,829820.0,['Tank'],[1.4248583999999995]
212,837023.0,851421.0,"['Tank', 'Separator.West']","[2.1514248, 1.794996]"
213,851421.0,851422.0,['Tank'],[2.1514248]
214,862224.0,862225.0,['Separator.West'],[0.3701376]
215,862225.0,869423.0,"['Wellhead.East', 'Wellhead.West', 'Separator.West']","[0.3392928, 0.6588792000000001, 0.3701376]"
216,869423.0,869424.0,['Wellhead.East'],[0.3392928]
217,873027.0,887425.0,['Separator.West'],[0.6880104]
218,891028.0,891029.0,['Separator.East'],[0.7784028000000001]
219,891029.0,916227.0,"['Wellhead.East', 'Separator.East']","[0.8585136, 0.7784028000000001]"
220,923429.0,934229.0,['Separator.West'],[1.84212]
221,948631.0,970230.0,"['Separator.West', 'Separator.East', 'Wellhead.West']","[0.6027588, 0.3782772, 0.6588792000000001]"
222,981032.0,991831.0,['Separator.West'],[0.873936]
223,1006234.0,1020633.0,['Separator.East'],[1.9453644]
224,1035036.0,1042235.0,['Separator.East'],[1.1699604]
225,1053037.0,1053038.0,"['Wellhead.West', 'Wellhead.East']","[0.6610212, 0.3538584]"
226,1053038.0,1060236.0,"['Wellhead.East', 'Separator.West', 'Separator.East', 'Wellhead.West']","[0.3538584, 0.387702, 0.3782772, 0.6610212]"
227,1060236.0,1060237.0,"['Wellhead.East', 'Separator.East', 'Wellhead.West']","[0.3538584, 0.3782772, 0.6610212]"
228,1063839.0,1063840.0,['Separator.West'],[0.7252812]
229,1063840.0,1089038.0,"['Separator.East', 'Separator.West']","[0.6914376000000001, 0.7252812]"
230,1099841.0,1117840.0,"['Wellhead.West', 'Separator.West']","[1.7714340000000002, 1.7491572000000002]"
231,1121443.0,1128641.0,['Separator.West'],[0.8229564000000001]
232,1135846.0,1146644.0,"['Separator.East', 'Wellhead.West', 'Wellhead.East', 'Separator.West']","[0.3534300000000001, 0.6528816000000001, 0.338436, 0.3671388]"
233,1146644.0,1146645.0,"['Wellhead.East', 'Wellhead.West', 'Separator.East']","[0.338436, 0.6528816000000001, 0.3534300000000001]"
234,1161047.0,1164646.0,"['Wellhead.West', 'Separator.West']","[0.6648768000000002, 0.8396640000000001]"
235,1179047.0,1179048.0,['Tank'],[2.127006]
236,1179048.0,1193446.0,"['Separator.West', 'Separator.East', 'Tank']","[1.7444448, 1.1082708000000003, 2.127006]"
237,1193446.0,1193447.0,"['Tank', 'Separator.East']","[2.127006, 1.1082708000000003]"
238,1208285.0,1208286.0,['Separator.East'],[0.6473124]
239,1208286.0,1219085.0,"['Separator.East', 'Separator.West']","[0.6473124, 0.6815844000000001]"
240,1226286.0,1226287.0,['Wellhead.West'],[0.3487176]
241,1226287.0,1233485.0,"['Separator.West', 'Wellhead.West', 'Separator.East']","[0.4172616, 0.3487176, 0.4446792000000001]"
242,1233485.0,1233486.0,['Separator.East'],[0.4446792000000001]
243,1237087.0,1237088.0,"['Wellhead.East', 'Tank']","[0.4571028, 0.2698920000000001]"
244,1237088.0,1262286.0,"['Separator.East', 'Separator.West', 'Tank', 'Wellhead.East']","[0.4519620000000001, 0.4939452, 0.2698920000000001, 0.4571028]"
245,1262286.0,1262287.0,"['Separator.East', 'Tank', 'Wellhead.East']","[0.4519620000000001, 0.2698920000000001, 0.4571028]"
246,1273089.0,1283887.0,"['Separator.East', 'Wellhead.East']","[1.8459756, 1.846404]"
247,1294690.0,1316288.0,"['Tank', 'Separator.East', 'Wellhead.West']","[0.1747872, 0.4708116, 0.6665904]"
248,1316288.0,1316289.0,"['Separator.East', 'Tank']","[0.4708116, 0.1747872]"
249,1323492.0,1323493.0,['Separator.West'],[0.3658535999999999]
250,1323493.0,1330691.0,"['Separator.East', 'Wellhead.East', 'Separator.West', 'Tank']","[0.351288, 0.3337236, 0.3658535999999999, 0.1769292]"
251,1330691.0,1330692.0,"['Separator.East', 'Separator.West', 'Wellhead.East']","[0.351288, 0.3658535999999999, 0.3337236]"
252,1341495.0,1341496.0,['Separator.East'],[0.6507396]
253,1341496.0,1355894.0,"['Tank', 'Separator.East']","[0.1760724, 0.6507396]"
254,1363096.0,1363097.0,['Tank'],[4.320414]
255,1363097.0,1373896.0,"['Wellhead.West', 'Tank']","[1.7560116000000006, 4.320414]"
256,1384699.0,1399098.0,"['Wellhead.East', 'Tank', 'Wellhead.West', 'Separator.West']","[0.3324384000000001, 0.0929628, 0.6588792000000001, 0.3637115999999999]"
257,1406301.0,1409900.0,"['Wellhead.East', 'Separator.East', 'Separator.West']","[0.5534928000000001, 0.550494, 0.5714855999999999]"
258,1417104.0,1420703.0,"['Separator.East', 'Wellhead.East', 'Separator.West']","[0.4356828, 0.4408236, 0.3872736]"
259,1431506.0,1449505.0,['Wellhead.West'],[3.3462324000000003]
260,1460308.0,1460309.0,['Wellhead.West'],[0.8645112]
261,1460309.0,1467006.0,"['Wellhead.West', 'Separator.East', 'Tank', 'Wellhead.East']","[0.8645112, 0.7351344000000002, 0.287028, 0.8071056]"
262,1467006.0,1467507.0,"['Separator.East', 'Wellhead.East', 'Wellhead.West', 'Tank']","[0.7381332000000002, 0.8109612, 0.865368, 0.28917]"
263,1467507.0,1467508.0,"['Separator.East', 'Wellhead.West', 'Tank']","[0.7381332000000002, 0.865368, 0.28917]"
264,1471111.0,1471112.0,"['Separator.East', 'Wellhead.West']","[0.3560004, 0.6588792000000001]"
265,1471112.0,1485510.0,"['Wellhead.East', 'Separator.East', 'Wellhead.West']","[0.3380076, 0.3560004, 0.6588792000000001]"
266,1492712.0,1492713.0,['Tank'],[0.184212]
267,1492713.0,1514312.0,"['Separator.East', 'Tank', 'Wellhead.West', 'Separator.West']","[0.3649968, 0.184212, 0.6550236, 0.3795624]"
268,1525115.0,1525116.0,"['Wellhead.West', 'Separator.West', 'Tank']","[1.7795736000000002, 0.826812, 2.900268]"
269,1525116.0,1539514.0,"['Separator.East', 'Wellhead.West', 'Separator.West', 'Tank']","[0.758268, 1.7795736000000002, 0.826812, 2.900268]"
270,1539514.0,1539515.0,['Wellhead.West'],[1.7795736000000002]
271,1546717.0,1546718.0,"['Wellhead.East', 'Separator.East']","[1.2419315999999998, 1.1254068000000002]"
272,1546718.0,1553401.0,"['Separator.East', 'Wellhead.East', 'Separator.West']","[1.1254068000000002, 1.2419315999999998, 1.7752896]"
273,1553401.0,1553916.0,"['Wellhead.East', 'Separator.West', 'Separator.East']","[1.2573540000000003, 1.7988516, 1.1382588]"
274,1568319.0,1579117.0,"['Separator.East', 'Wellhead.East', 'Separator.West']","[0.3654252, 0.3452904, 0.3123036]"
275,1579117.0,1579118.0,['Wellhead.East'],[0.3452904]
276,1586320.0,1586321.0,['Tank'],[0.1824984]
277,1586321.0,1589919.0,"['Wellhead.East', 'Separator.West', 'Tank']","[0.3461472, 0.3774204, 0.1824984]"
278,1589919.0,1589920.0,"['Separator.West', 'Tank']","[0.3774204, 0.1824984]"
279,1597123.0,1604322.0,['Separator.West'],[0.8503740000000002]
280,1607924.0,1622323.0,"['Separator.West', 'Separator.East', 'Tank']","[0.3589992000000001, 0.3440052, 0.2578968]"
281,1629526.0,1629527.0,"['Separator.West', 'Wellhead.West', 'Separator.East', 'Tank']","[0.3530015999999999, 0.6438852, 0.3375792, 0.17136]"
282,1629527.0,1639798.0,"['Wellhead.West', 'Wellhead.East', 'Separator.East', 'Separator.West', 'Tank']","[0.6438852, 0.3251556, 0.3375792, 0.3530015999999999, 0.17136]"
283,1639798.0,1640325.0,"['Separator.West', 'Tank', 'Wellhead.East', 'Separator.East', 'Wellhead.West']","[0.3564288, 0.1730736, 0.3285828, 0.3444336, 0.6451704]"
284,1640325.0,1640326.0,"['Wellhead.East', 'Wellhead.West']","[0.3285828, 0.6451704]"
285,1643928.0,1658327.0,"['Separator.West', 'Wellhead.East']","[0.3645684, 0.3354372]"
286,1665530.0,1665531.0,"['Separator.East', 'Wellhead.West']","[0.3487176, 0.6443135999999999]"
287,1665531.0,1679929.0,"['Separator.East', 'Wellhead.East', 'Wellhead.West']","[0.3487176, 0.3337236, 0.6443135999999999]"
288,1687131.0,1697930.0,"['Separator.West', 'Wellhead.West']","[0.3568572, 0.6580224]"
289,1708732.0,1708733.0,['Separator.West'],[0.3332952]
290,1708733.0,1719532.0,"['Wellhead.East', 'Separator.West']","[0.3200148, 0.3332952]"
291,1726735.0,1744734.0,"['Tank', 'Separator.East']","[0.1743588, 0.3435768]"
292,1751936.0,1751937.0,['Wellhead.East'],[0.3324384000000001]
293,1751937.0,1773535.0,"['Tank', 'Wellhead.East', 'Separator.East']","[0.2938824, 0.3324384000000001, 0.3482892000000001]"
294,1784338.0,1802336.0,"['Tank', 'Wellhead.East']","[2.8407204000000004, 2.0554632]"
295,1802336.0,1802337.0,['Tank'],[2.8407204000000004]
296,1812602.0,1834200.0,"['Separator.West', 'Wellhead.East', 'Wellhead.West', 'Tank', 'Separator.East']","[0.4622436, 0.4583879999999999, 0.6434568, 0.2985948, 0.4206888000000001]"
297,1845002.0,1845003.0,['Wellhead.West'],[0.6408864000000001]
298,1845003.0,1855801.0,"['Wellhead.East', 'Separator.West', 'Separator.East', 'Wellhead.West']","[0.3358656, 0.366282, 0.3508596, 0.6408864000000001]"
299,1855801.0,1855802.0,"['Wellhead.West', 'Separator.East', 'Wellhead.East']","[0.6408864000000001, 0.3508596, 0.3358656]"
300,1866603.0,1866604.0,"['Wellhead.West', 'Wellhead.East']","[1.8005652000000003, 0.7120008000000001]"
301,1866604.0,1873802.0,"['Wellhead.West', 'Wellhead.East', 'Tank']","[1.8005652000000003, 0.7120008000000001, 4.9377384000000015]"
302,1873802.0,1873803.0,"['Tank', 'Wellhead.West']","[4.9377384000000015, 1.8005652000000003]"
303,1877406.0,1899000.0,"['Wellhead.East', 'Separator.East', 'Separator.West', 'Tank', 'Wellhead.West']","[1.3126176000000005, 0.9090648, 1.8348372, 2.9533896000000004, 1.7984232]"
304,1906208.0,1913407.0,['Separator.East'],[1.208088]
305,1924210.0,1924211.0,"['Tank', 'Wellhead.West', 'Wellhead.East']","[0.2831724, 0.6494544000000001, 0.3564288]"
306,1924211.0,1949409.0,"['Separator.East', 'Wellhead.West', 'Wellhead.East', 'Separator.West', 'Tank']","[0.3825612, 0.6494544000000001, 0.3564288, 0.3954132000000001, 0.2831724]"
307,1949409.0,1949410.0,['Wellhead.East'],[0.3564288]
308,1956612.0,1956613.0,['Tank'],[4.6896948]
309,1956613.0,1981812.0,"['Wellhead.East', 'Separator.East', 'Tank']","[1.2492144, 1.1236932000000002, 4.6896948]"
310,1989014.0,1996213.0,"['Wellhead.East', 'Separator.West']","[0.4832352, 0.5050836000000001]"
311,1999817.0,2010616.0,"['Wellhead.West', 'Separator.West']","[0.8752212, 0.8490888]"
312,2014218.0,2014219.0,['Separator.East'],[0.4952304]
313,2014219.0,2035817.0,"['Wellhead.West', 'Separator.East']","[0.8760780000000001, 0.4952304]"
314,2043020.0,2046619.0,['Separator.West'],[1.7512992]
315,2053822.0,2071803.0,"['Separator.East', 'Separator.West', 'Wellhead.East', 'Wellhead.West']","[0.8233848, 0.7788312, 1.2008052000000002, 3.3368076]"
316,2071803.0,2071821.0,"['Wellhead.East', 'Wellhead.West', 'Separator.East', 'Separator.West']","[1.2110868, 3.3590844, 0.8306676000000001, 0.788256]"
317,2082625.0,2097023.0,"['Separator.East', 'Wellhead.West', 'Separator.West', 'Wellhead.East']","[0.3444336, 0.6657336, 0.3602844, 0.3285828]"
318,2097023.0,2097024.0,['Wellhead.East'],[0.3285828]
319,2104226.0,2104227.0,['Wellhead.East'],[0.3345804]
320,2104227.0,2125825.0,"['Wellhead.East', 'Wellhead.West', 'Tank']","[0.3345804, 0.6614496000000001, 0.265608]"
321,2133028.0,2151027.0,['Wellhead.West'],[3.2746896000000003]
322,2158229.0,2158230.0,"['Separator.West', 'Wellhead.West', 'Separator.East']","[0.3487176, 0.6627348000000002, 0.3285828]"
323,2158230.0,2172628.0,"['Wellhead.East', 'Separator.East', 'Wellhead.West', 'Separator.West']","[0.323442, 0.3285828, 0.6627348000000002, 0.3487176]"
324,2172628.0,2172629.0,['Wellhead.West'],[0.6627348000000002]
325,2183431.0,2205030.0,"['Wellhead.West', 'Separator.East']","[0.6614496000000001, 0.3521448]"
326,2212232.0,2212233.0,"['Wellhead.East', 'Separator.West']","[0.6644483999999999, 0.6717312000000001]"
327,2212233.0,2223031.0,"['Separator.West', 'Tank', 'Wellhead.East']","[0.6717312000000001, 0.2536128, 0.6644483999999999]"
328,2233834.0,2244606.0,"['Wellhead.West', 'Separator.West', 'Tank']","[0.8555147999999999, 0.6528816000000001, 0.1675044]"
329,2244606.0,2244633.0,"['Tank', 'Wellhead.West', 'Separator.West']","[0.1687896, 0.8585136, 0.6614496000000001]"
330,2251835.0,2251836.0,"['Wellhead.East', 'Separator.East', 'Wellhead.West']","[0.327726, 0.3410064, 0.6490260000000001]"
331,2251836.0,2266234.0,"['Separator.East', 'Wellhead.West', 'Separator.West', 'Wellhead.East']","[0.3410064, 0.6490260000000001, 0.3564288, 0.327726]"
332,2266234.0,2266235.0,"['Separator.West', 'Wellhead.West', 'Separator.East']","[0.3564288, 0.6490260000000001, 0.3410064]"
333,2269838.0,2298636.0,"['Wellhead.East', 'Separator.East', 'Tank', 'Wellhead.West']","[0.3474324, 0.4583879999999999, 0.3817044, 0.6276060000000001]"
334,2298636.0,2298637.0,"['Separator.East', 'Wellhead.East', 'Wellhead.West']","[0.4583879999999999, 0.3474324, 0.6276060000000001]"
335,2305839.0,2331006.0,"['Wellhead.West', 'Tank', 'Separator.East']","[0.6533100000000001, 0.2540412, 0.4206888000000001]"
336,2331006.0,2331038.0,"['Wellhead.West', 'Separator.East', 'Tank']","[0.6417432000000001, 0.4481064, 0.2698920000000001]"
337,2331038.0,2331039.0,"['Separator.East', 'Tank']","[0.4481064, 0.2698920000000001]"
338,2341842.0,2341843.0,"['Separator.East', 'Wellhead.East']","[0.3714228, 0.349146]"
339,2341843.0,2349041.0,"['Wellhead.East', 'Tank', 'Separator.West', 'Separator.East']","[0.349146, 0.4322556, 0.3885588000000001, 0.3714228]"
340,2356244.0,2381443.0,"['Separator.West', 'Wellhead.West', 'Wellhead.East']","[0.381276, 0.8713656000000001, 0.4553892]"
341,2388645.0,2388646.0,['Wellhead.East'],[2.071314]
342,2388646.0,2399445.0,"['Separator.East', 'Wellhead.East']","[0.7539840000000001, 2.071314]"
343,2402774.0,2402832.0,['Separator.West'],[0.5560632000000001]
344,2402833.0,2402879.0,['Separator.West'],[0.9266292]
345,2402884.0,2403005.0,['Separator.West'],[0.4866624]
346,2403006.0,2405189.0,['Separator.West'],[0.4982292000000001]
347,2410672.0,2410751.0,['Separator.East'],[3.0489228]
348,2410764.0,2410800.0,['Wellhead.East'],[2.979522]
349,2410814.0,2410891.0,['Wellhead.West'],[5.277031200000001]
350,2410904.0,2410921.0,['Separator.West'],[3.0664872]
351,2410997.0,2411064.0,['Tank'],[9.3052764]
352,2417406.0,2442599.0,"['Wellhead.West', 'Tank', 'Wellhead.East', 'Separator.West']","[0.8627976, 0.179928, 0.5620608, 0.5851944]"
353,2453401.0,2471400.0,"['Wellhead.West', 'Tank', 'Separator.West', 'Wellhead.East']","[0.8679384000000001, 0.1859256, 0.5971896, 0.5757696]"
354,2482202.0,2482203.0,['Tank'],[4.3602552]
355,2482203.0,2496601.0,"['Wellhead.West', 'Tank']","[1.8930996, 4.3602552]"
356,2496601.0,2496602.0,['Tank'],[4.3602552]
357,2503803.0,2518203.0,"['Wellhead.West', 'Separator.East']","[0.8602272000000001, 0.7685496000000002]"
358,2518203.0,2518204.0,['Separator.East'],[0.7685496000000002]
359,2529006.0,2529007.0,"['Wellhead.East', 'Separator.West']","[0.5727708, 0.5937623999999999]"
360,2529007.0,2543405.0,"['Tank', 'Wellhead.East', 'Separator.West']","[0.1846404, 0.5727708, 0.5937623999999999]"
361,2550608.0,2565007.0,"['Separator.West', 'Separator.East', 'Wellhead.West']","[0.8426628, 0.7634088, 0.7060031999999999]"
362,2565007.0,2565008.0,['Separator.West'],[0.8426628]
363,2572210.0,2583010.0,['Wellhead.West'],[3.5737128]
364,2593813.0,2615412.0,"['Wellhead.East', 'Wellhead.West']","[0.7865424000000001, 0.8593704]"
365,2622614.0,2622615.0,"['Separator.East', 'Tank', 'Separator.West']","[0.655452, 0.1752156, 0.6931512]"
366,2622615.0,2640613.0,"['Tank', 'Separator.West', 'Wellhead.East', 'Separator.East']","[0.1752156, 0.6931512, 0.6785856000000001, 0.655452]"
367,2640613.0,2640614.0,"['Wellhead.East', 'Tank', 'Separator.West']","[0.6785856000000001, 0.1752156, 0.6931512]"
368,2651416.0,2669415.0,"['Separator.West', 'Wellhead.West', 'Separator.East']","[1.8009936000000002, 1.897812, 1.9260864]"
369,2676618.0,2701817.0,['Separator.East'],[1.1622492]
370,2709021.0,2734219.0,"['Separator.West', 'Wellhead.East']","[0.7098588000000001, 0.8465184000000001]"
371,2734219.0,2734220.0,['Wellhead.East'],[0.8465184000000001]
372,2745022.0,2745023.0,"['Separator.West', 'Separator.East']","[1.8061344, 1.1463984000000005]"
373,2745023.0,2759421.0,"['Tank', 'Wellhead.West', 'Separator.West', 'Separator.East']","[2.2915116, 1.008882, 1.8061344, 1.1463984000000005]"
374,2759421.0,2759422.0,"['Wellhead.West', 'Separator.West', 'Tank']","[1.008882, 1.8061344, 2.2915116]"
375,2766625.0,2766626.0,"['Wellhead.East', 'Separator.East', 'Wellhead.West']","[0.499086, 0.494802, 0.8627976]"
376,2766626.0,2788224.0,"['Separator.West', 'Wellhead.West', 'Separator.East', 'Wellhead.East']","[0.5256468, 0.8627976, 0.494802, 0.499086]"
377,2788224.0,2788225.0,"['Separator.East', 'Separator.West']","[0.494802, 0.5256468]"
378,2795426.0,2795427.0,['Tank'],[0.2750328]
379,2795427.0,2820626.0,"['Tank', 'Wellhead.East', 'Separator.East', 'Separator.West']","[0.2750328, 0.5744844, 0.5757696, 0.5954760000000001]"
380,2827829.0,2827830.0,"['Wellhead.West', 'Tank', 'Separator.West']","[0.7179984000000001, 0.089964, 0.4493916]"
381,2827830.0,2849405.0,"['Wellhead.East', 'Wellhead.West', 'Tank', 'Separator.West', 'Separator.East']","[0.4211172, 0.7179984000000001, 0.089964, 0.4493916, 0.3735648000000001]"
382,2849405.0,2849428.0,"['Wellhead.East', 'Tank', 'Wellhead.West', 'Separator.East', 'Separator.West']","[0.4254012, 0.0895356, 0.7128576000000001, 0.4159764000000001, 0.4575312]"
383,2856631.0,2856632.0,['Separator.East'],[0.4750956]
384,2856632.0,2860231.0,"['Separator.East', 'Wellhead.West']","[0.4750956, 0.8670816]"
385,2863834.0,2874633.0,"['Separator.East', 'Tank']","[0.4832352, 0.177786]"
386,2881836.0,2896235.0,"['Tank', 'Separator.West']","[0.1833552, 0.8580852000000001]"
387,2903437.0,2932236.0,"['Tank', 'Separator.East', 'Wellhead.West']","[0.1679328, 0.4202604, 0.854658]"
388,2943039.0,2957437.0,"['Separator.West', 'Wellhead.West']","[0.6884388, 0.8640828000000002]"
389,2957437.0,2957438.0,['Wellhead.West'],[0.8640828000000002]
390,2964641.0,2986240.0,"['Separator.East', 'Tank', 'Wellhead.East', 'Separator.West', 'Wellhead.West']","[0.3581424, 0.0933912, 0.3358656, 0.4909464000000001, 0.7124291999999999]"
391,2986240.0,2986241.0,"['Separator.East', 'Tank']","[0.3581424, 0.0933912]"
392,2993443.0,3007842.0,"['Separator.East', 'Wellhead.East', 'Tank']","[0.8662247999999999, 1.555092, 4.3324092]"
393,3011070.0,3011115.0,[nan],[0.0047124]
394,3011119.0,3011123.0,[nan],[0.0047124]
395,3011123.0,3011125.0,"[nan, nan]","[0.0047124, 0.0047124]"
396,3011125.0,3011156.0,"[nan, nan, nan]","[0.0047124, 0.0047124, 0.0047124]"
397,3011156.0,3011172.0,"[nan, nan]","[0.0047124, 0.0047124]"
398,3011172.0,3011173.0,[nan],[0.0047124]
399,3011173.0,3011174.0,[nan],[0.6567372]
400,3011174.0,3011196.0,"[nan, nan]","[0.6567372, 0.5881932000000001]"
401,3011196.0,3011212.0,"[nan, nan, nan]","[0.5881932000000001, 0.6567372, 0.7608384000000001]"
402,3011212.0,3011219.0,"[nan, nan]","[0.5881932000000001, 0.6567372]"
403,3011219.0,3011221.0,[nan],[0.5881932000000001]
404,3011234.0,3011236.0,[nan],[1.0615752000000005]
405,3011236.0,3011237.0,"[nan, nan]","[1.0602900000000002, 1.0615752000000005]"
406,3011237.0,3011276.0,"[nan, nan, nan]","[1.0598615999999998, 1.0602900000000002, 1.0615752000000005]"
407,3011276.0,3011277.0,[nan],[1.0598615999999998]
408,3011277.0,3011278.0,"[nan, nan]","[1.3293252000000002, 1.3288968]"
409,3011278.0,3011331.0,"[nan, nan, nan]","[1.3288968, 1.3293252000000002, 1.3284684000000002]"
410,3011331.0,3011332.0,"[nan, nan, nan, nan]","[1.3288968, 1.3293252000000002, 0.5809103999999999, 1.3284684000000002]"
411,3011332.0,3011333.0,"[nan, nan, nan, nan, nan, nan]","[0.6177528, 1.3284684000000002, 1.3293252000000002, 0.5809103999999999, 1.3288968, 0.6301764000000001]"
412,3011333.0,3011334.0,"[nan, nan, nan, nan, nan]","[0.5809103999999999, 1.3284684000000002, 0.6301764000000001, 1.3288968, 0.6177528]"
413,3011334.0,3011346.0,"[nan, nan, nan]","[0.5809103999999999, 0.6177528, 0.6301764000000001]"
414,3011346.0,3011347.0,"[nan, nan]","[0.6301764000000001, 0.6177528]"
415,3011347.0,3011349.0,[nan],[0.6177528]
416,3011353.0,3011354.0,[nan],[2.851002]
417,3011354.0,3011389.0,"[nan, nan]","[2.851002, 2.851002]"
418,3011389.0,3011390.0,"[nan, nan, nan]","[2.851002, 2.851002, 0.2450448]"
419,3011390.0,3011391.0,"[nan, nan, nan, nan, nan]","[0.2454732, 0.2450448, 2.851002, 0.2450448, 2.851002]"
420,3011391.0,3011392.0,"[nan, nan, nan, nan, nan, nan]","[0.2450448, 0.2454732, 1.6274916000000004, 0.2450448, 2.851002, 2.851002]"
421,3011392.0,3011393.0,"[nan, nan, nan, nan, nan, nan, nan]","[0.2450448, 0.2454732, 0.2450448, 1.6429140000000002, 1.6274916000000004, 2.851002, 2.851002]"
422,3011393.0,3011394.0,"[nan, nan, nan, nan, nan, nan, nan, nan]","[2.851002, 1.6274916000000004, 0.2450448, 0.2561832, 2.851002, 1.6429140000000002, 0.2454732, 0.2450448]"
423,3011394.0,3011395.0,"[nan, nan, nan, nan, nan, nan, nan, nan, nan]","[1.6429140000000002, 2.851002, 2.851002, 0.2450448, 1.6274916000000004, 0.2561832, 0.2454732, 0.2561832, 0.2450448]"
424,3011395.0,3011419.0,"[nan, nan, nan, nan, nan, nan, nan, nan, nan, nan]","[0.2450448, 2.851002, 2.851002, 1.6429140000000002, 1.6274916000000004, 0.2561832, 0.2561832, 0.2557548, 0.2450448, 0.2454732]"
425,3011419.0,3011421.0,"[nan, nan, nan, nan, nan, nan, nan, nan, nan, nan, nan]","[0.2561832, 0.2561832, 0.2454732, 0.338436, 0.2450448, 1.6274916000000004, 0.2450448, 0.2557548, 1.6429140000000002, 2.851002, 2.851002]"
426,3011421.0,3011423.0,"[nan, nan, nan, nan, nan, nan, nan, nan, nan, nan, nan, nan, nan]","[0.2561832, 0.2454732, 0.3397212, 0.2450448, 1.6274916000000004, 2.851002, 0.2557548, 1.6429140000000002, 0.2561832, 2.851002, 0.3414348, 0.338436, 0.2450448]"
427,3011423.0,3011424.0,"[nan, nan, nan, nan, nan, nan, nan, nan, nan, nan, nan, nan, nan, nan]","[1.6274916000000004, 1.6429140000000002, 0.2561832, 0.338436, 0.2557548, 0.2450448, 0.3397212, 0.6216084000000001, 2.851002, 0.2450448, 0.2561832, 0.2454732, 2.851002, 0.3414348]"
428,3011424.0,3011440.0,"[nan, nan, nan, nan, nan, nan, nan, nan, nan, nan, nan, nan, nan, nan, nan]","[2.851002, 0.2450448, 1.6429140000000002, 0.2557548, 0.2454732, 0.2561832, 0.6216084000000001, 0.2561832, 2.851002, 0.6216084000000001, 0.3397212, 0.338436, 0.3414348, 0.2450448, 1.6274916000000004]"
429,3011440.0,3011441.0,"[nan, nan, nan, nan, nan, nan, nan, nan, nan, nan, nan, nan, nan, nan]","[0.2557548, 1.6274916000000004, 0.2450448, 0.3414348, 0.338436, 0.3397212, 0.6216084000000001, 0.2561832, 0.2561832, 0.2450448, 1.6429140000000002, 2.851002, 0.6216084000000001, 0.2454732]"
430,3011441.0,3011442.0,"[nan, nan, nan, nan, nan, nan, nan, nan, nan, nan, nan, nan, nan, nan, nan]","[1.6274916000000004, 2.4221736000000003, 0.2450448, 1.6429140000000002, 2.851002, 0.2450448, 0.6216084000000001, 0.2561832, 0.2557548, 0.3397212, 0.3414348, 0.338436, 0.2561832, 0.6216084000000001, 0.2454732]"
431,3011442.0,3011443.0,"[nan, nan, nan, nan, nan, nan, nan, nan, nan, nan, nan, nan, nan, nan]","[0.2561832, 0.338436, 0.3414348, 1.6274916000000004, 0.3397212, 0.2557548, 0.6216084000000001, 0.2454732, 0.2561832, 0.6216084000000001, 0.2450448, 1.6429140000000002, 0.2450448, 2.4221736000000003]"
432,3011443.0,3011474.0,"[nan, nan, nan, nan, nan, nan, nan, nan, nan, nan, nan, nan, nan, nan, nan]","[0.2561832, 0.2450448, 2.414462400000001, 0.6216084000000001, 0.2454732, 0.3397212, 2.4221736000000003, 0.3414348, 0.2557548, 0.2561832, 0.2450448, 1.6274916000000004, 1.6429140000000002, 0.6216084000000001, 0.338436]"
433,3011474.0,3011475.0,"[nan, nan, nan, nan, nan, nan, nan, nan, nan, nan, nan, nan, nan]","[0.2561832, 1.6429140000000002, 0.2450448, 0.6216084000000001, 0.2561832, 0.6216084000000001, 2.414462400000001, 2.4221736000000003, 0.3414348, 0.2557548, 0.2450448, 1.6274916000000004, 0.2454732]"
434,3011475.0,3011476.0,"[nan, nan, nan, nan, nan, nan, nan, nan, nan, nan, nan, nan, nan, nan]","[2.414462400000001, 2.4221736000000003, 0.2557548, 0.6216084000000001, 0.2454732, 0.2561832, 1.6429140000000002, 0.8610840000000002, 1.6274916000000004, 0.2450448, 0.2561832, 0.6216084000000001, 0.8602272000000001, 0.2450448]"
435,3011476.0,3011482.0,"[nan, nan, nan, nan, nan, nan, nan, nan, nan, nan, nan, nan, nan, nan, nan]","[2.4221736000000003, 0.2450448, 0.8610840000000002, 0.2561832, 0.6216084000000001, 2.414462400000001, 1.6429140000000002, 0.2561832, 1.6274916000000004, 0.8602272000000001, 0.2557548, 0.2450448, 0.6216084000000001, 0.2454732, 0.8580852000000001]"
436,3011482.0,3011483.0,"[nan, nan, nan, nan, nan, nan, nan, nan, nan, nan, nan, nan, nan]","[2.414462400000001, 1.6429140000000002, 0.2561832, 0.8610840000000002, 0.2557548, 0.8602272000000001, 1.6274916000000004, 2.4221736000000003, 0.2561832, 0.8580852000000001, 0.2454732, 0.2450448, 0.2450448]"
437,3011483.0,3011494.0,"[nan, nan, nan, nan, nan, nan, nan, nan, nan, nan, nan, nan, nan, nan, nan, nan]","[2.414462400000001, 0.2561832, 0.2561832, 0.8610840000000002, 2.4221736000000003, 0.8602272000000001, 0.8580852000000001, 0.2450448, 1.6274916000000004, 1.6429140000000002, 1.122408, 0.2450448, 1.122408, 0.2557548, 0.2454732, 1.122408]"
438,3011494.0,3011504.0,"[nan, nan, nan, nan, nan, nan, nan, nan, nan, nan, nan, nan, nan, nan]","[1.6274916000000004, 0.2450448, 0.8580852000000001, 0.8602272000000001, 1.6429140000000002, 0.8610840000000002, 0.2561832, 0.2561832, 1.122408, 0.2450448, 1.122408, 0.2557548, 0.2454732, 1.122408]"
439,3011504.0,3011505.0,"[nan, nan, nan, nan, nan, nan, nan, nan, nan, nan, nan, nan, nan]","[1.6274916000000004, 0.8580852000000001, 0.8602272000000001, 1.6429140000000002, 0.8610840000000002, 0.2561832, 0.2450448, 0.2561832, 1.122408, 1.122408, 1.122408, 0.2557548, 0.2454732]"
440,3011505.0,3011506.0,"[nan, nan, nan, nan, nan, nan, nan, nan, nan, nan, nan, nan, nan]","[1.122408, 0.8610840000000002, 0.8602272000000001, 1.6429140000000002, 0.2561832, 0.2253384, 0.2454732, 0.2561832, 1.122408, 0.8580852000000001, 0.2557548, 1.122408, 1.6274916000000004]"
441,3011506.0,3011507.0,"[nan, nan, nan, nan, nan, nan, nan, nan, nan, nan, nan, nan, nan]","[0.2561832, 0.2253384, 0.2253384, 1.122408, 1.6429140000000002, 0.8580852000000001, 1.122408, 1.122408, 0.2557548, 0.8610840000000002, 0.2561832, 0.8602272000000001, 1.6274916000000004]"
442,3011507.0,3011508.0,"[nan, nan, nan, nan, nan, nan, nan, nan, nan, nan, nan, nan, nan]","[0.2253384, 0.8610840000000002, 0.2253384, 0.8602272000000001, 0.8580852000000001, 1.122408, 0.2561832, 1.122408, 0.2253384, 1.122408, 1.6429140000000002, 0.2561832, 0.2557548]"
443,3011508.0,3011509.0,"[nan, nan, nan, nan, nan, nan, nan, nan, nan, nan, nan, nan, nan]","[0.8610840000000002, 0.2253384, 0.2557548, 1.122408, 1.122408, 1.122408, 0.2561832, 0.8580852000000001, 0.2253384, 2.8621404000000004, 0.8602272000000001, 0.2561832, 0.2253384]"
444,3011509.0,3011510.0,"[nan, nan, nan, nan, nan, nan, nan, nan, nan, nan, nan, nan, nan, nan]","[0.2561832, 0.2253384, 0.2557548, 0.2253384, 0.2561832, 1.122408, 1.122408, 0.8610840000000002, 0.2253384, 1.122408, 0.8580852000000001, 2.8621404000000004, 2.8698516, 0.8602272000000001]"
445,3011510.0,3011511.0,"[nan, nan, nan, nan, nan, nan, nan, nan, nan, nan, nan, nan, nan]","[0.8602272000000001, 0.2557548, 0.8610840000000002, 2.8698516, 2.8621404000000004, 0.8580852000000001, 1.122408, 0.2561832, 0.2253384, 1.122408, 1.122408, 0.2253384, 0.2253384]"
446,3011511.0,3011512.0,"[nan, nan, nan, nan, nan, nan, nan, nan, nan, nan, nan, nan]","[0.8610840000000002, 0.2253384, 1.122408, 1.122408, 0.2253384, 0.2840292, 1.122408, 0.2253384, 0.8602272000000001, 2.8621404000000004, 0.8580852000000001, 2.8698516]"
447,3011512.0,3011564.0,"[nan, nan, nan, nan, nan, nan, nan, nan, nan, nan, nan, nan, nan, nan]","[1.122408, 2.8621404000000004, 0.2840292, 0.2840292, 0.8580852000000001, 0.8610840000000002, 1.122408, 1.122408, 0.2253384, 0.2253384, 2.8698516, 0.8602272000000001, 0.2840292, 0.2253384]"
448,3011564.0,3011565.0,"[nan, nan, nan, nan, nan, nan, nan, nan, nan, nan, nan, nan, nan]","[1.122408, 0.8580852000000001, 0.2840292, 0.2840292, 0.8602272000000001, 0.2253384, 2.8698516, 1.122408, 1.122408, 0.2840292, 0.2253384, 0.2253384, 2.8621404000000004]"
449,3011565.0,3011566.0,"[nan, nan, nan, nan, nan, nan, nan, nan, nan, nan, nan, nan]","[0.2253384, 2.8698516, 1.122408, 1.122408, 2.8621404000000004, 0.9583308, 0.2840292, 0.2840292, 0.2253384, 0.2253384, 1.122408, 0.2840292]"
450,3011566.0,3011567.0,"[nan, nan, nan, nan, nan, nan, nan, nan, nan, nan, nan, nan]","[1.122408, 2.8621404000000004, 0.2840292, 0.9583308, 0.9553320000000002, 2.8698516, 1.122408, 0.2253384, 0.2253384, 0.2253384, 0.2840292, 0.2840292]"
451,3011567.0,3011568.0,"[nan, nan, nan, nan, nan, nan, nan, nan, nan, nan, nan]","[0.2253384, 0.2840292, 2.8621404000000004, 0.2840292, 0.9583308, 0.9553320000000002, 0.2253384, 0.2840292, 1.122408, 2.8698516, 0.2253384]"
452,3011568.0,3011569.0,"[nan, nan, nan, nan, nan, nan, nan, nan, nan, nan]","[2.8698516, 0.2253384, 0.2253384, 0.2840292, 2.8621404000000004, 0.2840292, 0.9583308, 0.9553320000000002, 0.2840292, 0.2253384]"
453,3011569.0,3011570.0,"[nan, nan, nan, nan, nan, nan, nan, nan, nan]","[2.8698516, 0.2253384, 0.2840292, 2.8621404000000004, 0.2840292, 0.9583308, 0.9553320000000002, 0.2253384, 0.2840292]"
454,3011570.0,3011576.0,"[nan, nan, nan, nan, nan, nan, nan]","[0.2840292, 2.8698516, 0.2840292, 0.9553320000000002, 0.9583308, 0.2840292, 2.8621404000000004]"
455,3011576.0,3011577.0,"[nan, nan, nan, nan, nan, nan]","[0.2840292, 2.8698516, 0.2840292, 0.9583308, 0.2840292, 0.9553320000000002]"
456,3011577.0,3011580.0,"[nan, nan, nan, nan, nan]","[0.2840292, 0.2840292, 0.9583308, 0.9553320000000002, 0.2840292]"
457,3011580.0,3011581.0,"[nan, nan, nan]","[0.9553320000000002, 0.2840292, 0.9583308]"
458,3011581.0,3011585.0,"[nan, nan]","[0.9583308, 0.9553320000000002]"
459,3011585.0,3011586.0,[nan],[0.9583308]
460,3012027.0,3012082.0,['Tank'],[9.2740032]
461,3012142.0,3012166.0,['Tank'],[3.0227904000000003]
462,3012187.0,3012282.0,['Wellhead.West'],[5.2911684]
463,3012302.0,3012303.0,['Separator.East'],[1.7495856000000003]
464,3012303.0,3012304.0,"['Separator.West', 'Separator.East']","[2.0139084, 1.7495856000000003]"
465,3012304.0,3012381.0,"['Separator.East', 'Separator.West', 'Wellhead.East']","[1.7495856000000003, 2.0139084, 0.7261380000000001]"
466,3012381.0,3012382.0,"['Separator.East', 'Wellhead.East']","[1.7495856000000003, 0.7261380000000001]"
467,3012382.0,3012388.0,['Separator.East'],[1.7495856000000003]
468,3012389.0,3012415.0,['Separator.East'],[2.6496540000000004]
469,3012415.0,3012420.0,"['Separator.East', 'Wellhead.East']","[2.6496540000000004, 1.865682]"
470,3012420.0,3012459.0,"['Separator.West', 'Wellhead.East', 'Separator.East']","[2.6804988000000005, 1.865682, 2.6496540000000004]"
471,3012459.0,3012466.0,"['Separator.East', 'Wellhead.East']","[2.6496540000000004, 1.865682]"
472,3012466.0,3012475.0,"['Separator.West', 'Wellhead.East', 'Separator.East']","[2.6398008, 1.865682, 2.6496540000000004]"
473,3012475.0,3012476.0,"['Separator.East', 'Separator.West']","[2.6496540000000004, 2.6398008]"
474,3012476.0,3012516.0,"['Wellhead.East', 'Separator.West', 'Separator.East']","[1.9457928, 2.6398008, 2.6496540000000004]"
475,3012516.0,3012535.0,"['Wellhead.East', 'Separator.West']","[1.9457928, 2.6398008]"
476,3012535.0,3012562.0,['Wellhead.East'],[1.9457928]
477,3012563.0,3012703.0,['Wellhead.East'],[1.9693548000000003]
478,3012704.0,3012767.0,['Wellhead.East'],[1.6998912000000004]
479,3012768.0,3012840.0,['Wellhead.East'],[1.8331236]
480,3012841.0,3012887.0,['Wellhead.East'],[2.017764]
481,3012890.0,3012906.0,['Wellhead.East'],[0.3204432]
482,3012913.0,3012963.0,['Wellhead.East'],[1.9830636]
483,3012964.0,3013104.0,['Wellhead.East'],[2.0023416000000003]
484,3022206.0,3040205.0,"['Wellhead.East', 'Separator.East']","[0.49266, 0.7759180800000001]"
485,3043807.0,3069726.0,"['Tank', 'Wellhead.East', 'Separator.East']","[0.09244872, 0.43495452, 0.5607756]"
486,3076928.0,3083839.0,"['Separator.East', 'Tank']","[1.4976864000000003, 5.6450268]"
487,3091041.0,3105080.0,['Separator.West'],[1.53362916]
488,3115883.0,3130882.0,"['Wellhead.East', 'Separator.West']","[0.2437596, 0.3140172]"
489,3138084.0,3156983.0,"['Wellhead.West', 'Separator.East']","[0.741132, 0.3110184]"
490,3167786.0,3188485.0,"['Tank', 'Separator.West']","[4.4690688, 1.5696576]"
491,3195686.0,3195687.0,['Tank'],[0.0929628]
492,3195687.0,3215485.0,"['Tank', 'Wellhead.East']","[0.0929628, 0.7278515999999999]"
493,3215485.0,3215486.0,['Tank'],[0.0929628]
494,3219089.0,3219090.0,['Separator.East'],[0.3320099999999999]
495,3219090.0,3245008.0,"['Wellhead.West', 'Separator.East']","[0.7205688000000001, 0.3320099999999999]"
496,3245008.0,3245009.0,['Wellhead.West'],[0.7205688000000001]
497,3252211.0,3252212.0,"['Tank', 'Wellhead.East', 'Wellhead.West']","[2.4110352, 1.5602328000000003, 1.0414404]"
498,3252212.0,3265530.0,"['Wellhead.West', 'Wellhead.East', 'Tank', 'Separator.West']","[1.0414404, 1.5602328000000003, 2.4110352, 0.6515964000000001]"
499,3265530.0,3265531.0,"['Wellhead.East', 'Wellhead.West']","[1.5602328000000003, 1.0414404]"
500,3272733.0,3272734.0,"['Tank', 'Wellhead.East']","[0.0925344, 0.73899]"
501,3272734.0,3281399.0,"['Tank', 'Separator.West', 'Wellhead.West', 'Wellhead.East']","[0.0925344, 1.1558232, 0.7239960000000001, 0.73899]"
502,3281399.0,3282272.0,"['Wellhead.East', 'Wellhead.West', 'Separator.West', 'Tank']","[0.7372764, 0.7291368, 1.1511108, 0.0925344]"
503,3289475.0,3303693.0,"['Wellhead.West', 'Wellhead.East']","[0.9587592, 0.6653052]"
504,3303693.0,3303694.0,['Wellhead.East'],[0.6653052]
505,3310896.0,3310897.0,"['Wellhead.East', 'Separator.West']","[0.4305420000000001, 0.3410064]"
506,3310897.0,3322235.0,"['Wellhead.West', 'Separator.West', 'Wellhead.East']","[0.7372764, 0.3410064, 0.4305420000000001]"
507,3322235.0,3322236.0,['Wellhead.West'],[0.7372764]
508,3333038.0,3333039.0,['Separator.West'],[1.6334892000000003]
509,3333039.0,3336337.0,"['Separator.West', 'Wellhead.East']","[1.6334892000000003, 2.0807388]"
510,3343540.0,3362979.0,"['Wellhead.East', 'Tank']","[2.041326, 2.3793336]"
511,3373782.0,3373783.0,"['Tank', 'Wellhead.West']","[0.0903924, 0.7329924000000001]"
512,3373783.0,3385781.0,"['Tank', 'Wellhead.West', 'Separator.East', 'Wellhead.East']","[0.0903924, 0.7329924000000001, 0.3264408, 0.4292568]"
513,3385781.0,3385782.0,"['Separator.East', 'Wellhead.East']","[0.3264408, 0.4292568]"
514,3392985.0,3398743.0,['Separator.West'],[1.1549664000000002]
515,3409546.0,3424304.0,"['Wellhead.East', 'Wellhead.West']","[0.4318272, 0.884646]"
516,3424304.0,3424305.0,['Wellhead.East'],[0.4318272]
517,3435107.0,3454205.0,['Tank'],[0.1662192]
518,3454206.0,3456705.0,['Tank'],[0.1666476]
519,3463908.0,3479459.0,"['Wellhead.West', 'Tank']","[0.7407036, 0.087822]"
520,3486662.0,3500161.0,"['Separator.West', 'Separator.East']","[0.3311532, 0.6258924]"
521,3507364.0,3522050.0,['Wellhead.West'],[0.7458444000000001]
522,3529253.0,3540600.0,['Separator.West'],[1.1018448]
523,3540600.0,3544252.0,['Separator.West'],[1.1082708000000003]
524,3555054.0,3555055.0,['Separator.West'],[0.3311532]
525,3555055.0,3565853.0,"['Tank', 'Separator.West']","[0.169218, 0.3311532]"
526,3573056.0,3573057.0,['Separator.East'],[0.6378876]
527,3573057.0,3586267.0,"['Separator.East', 'Separator.West']","[0.6378876, 0.5774832000000001]"
528,3593470.0,3612657.0,['Wellhead.West'],[3.7155132000000006]
529,3627003.0,3644999.0,"['Wellhead.West', 'Separator.West']","[0.4768092, 0.3200148]"
530,3648601.0,3656159.0,['Wellhead.West'],[0.7462728000000002]
531,3659761.0,3670200.0,['Separator.East'],[0.3144456]
532,3679202.0,3685681.0,['Separator.East'],[1.8245556000000005]
533,3692883.0,3713399.0,"['Separator.East', 'Wellhead.West']","[0.2776032, 0.4909464000000001]"
534,3713400.0,3715202.0,"['Wellhead.West', 'Separator.East']","[0.4875192, 0.2857427999999999]"
535,3718805.0,3726004.0,['Separator.East'],[0.302022]
536,3733206.0,3752225.0,"['Separator.West', 'Tank']","[0.3307248, 0.0916776]"
537,3759428.0,3771427.0,['Separator.East'],[1.99206]
538,3778630.0,3797410.0,['Wellhead.East'],[0.4014108]
539,3808212.0,3810611.0,['Tank'],[0.17136]
540,3819613.0,3821832.0,['Separator.East'],[0.3135888]
541,3829035.0,3832634.0,['Wellhead.West'],[0.4669560000000001]
542,3839837.0,3845536.0,['Tank'],[0.1773576]
543,3852739.0,3863058.0,['Separator.East'],[1.4278571999999998]
544,3866123.0,3866176.0,['Tank'],[0.0895356]
545,3866177.0,3866210.0,['Tank'],[0.164934]
546,3866211.0,3866245.0,['Tank'],[0.2480436]
547,3866246.0,3866322.0,['Tank'],[0.2776032]
548,3866323.0,3866464.0,['Tank'],[0.3534300000000001]
549,3866465.0,3866587.0,['Tank'],[0.432684]
550,3866588.0,3866610.0,['Tank'],[0.5132232000000001]
551,3866697.0,3866707.0,['Tank'],[8.176014]
552,3866717.0,3866783.0,['Tank'],[2.283372]
553,3866784.0,3866888.0,['Tank'],[2.7734616]
554,3866889.0,3866937.0,['Tank'],[4.358541600000001]
555,3866938.0,3867079.0,['Tank'],[3.0510648]
556,3867080.0,3867156.0,['Tank'],[4.820356800000001]
557,3867157.0,3867202.0,['Tank'],[5.1403716]
558,3867203.0,3867257.0,['Tank'],[6.8222700000000005]
559,3867293.0,3867358.0,['Tank'],[3.1834404000000003]
560,3867359.0,3867385.0,['Tank'],[4.1691888]
561,3867386.0,3867440.0,['Tank'],[6.839834400000001]
562,3867441.0,3867525.0,['Tank'],[5.462528400000001]
563,3867526.0,3867557.0,['Tank'],[7.262665200000001]
564,3867558.0,3867602.0,['Tank'],[7.9254]
565,3867603.0,3867652.0,['Tank'],[8.690950800000001]
566,3870261.0,3873020.0,"['Wellhead.West', 'Separator.East']","[3.5587188000000003, 0.2750328]"
567,3874310.0,3876668.0,['Separator.West'],[0.5856228000000001]
568,3876669.0,3877118.0,['Separator.West'],[0.276318]
569,3877119.0,3877702.0,['Separator.West'],[0.0783972]
570,3877745.0,3878774.0,['Separator.West'],[0.5984748000000001]
571,3878875.0,3879552.0,['Separator.West'],[0.3080196]
572,3879553.0,3882064.0,['Separator.West'],[0.3118752000000001]
573,3883823.0,3886198.0,"['Tank', 'Wellhead.East']","[0.089964, 0.415548]"
574,3886199.0,3897021.0,"['Wellhead.East', 'Tank']","[0.4198320000000001, 0.0908208]"
575,3897021.0,3897022.0,['Tank'],[0.0908208]
576,3907825.0,3914124.0,['Tank'],[0.1769292]
577,3924926.0,3924927.0,['Separator.East'],[0.3230136]
578,3924927.0,3932725.0,"['Separator.East', 'Tank']","[0.3230136, 0.1769292]"
579,3932725.0,3932726.0,['Separator.East'],[0.3230136]
580,3939929.0,3947848.0,['Separator.East'],[1.9436508]
581,3955050.0,3956729.0,['Wellhead.West'],[3.5835660000000007]
582,3963932.0,3967111.0,['Separator.West'],[0.2955960000000001]
583,3977914.0,3985233.0,['Separator.East'],[0.6108984000000001]
584,3994235.0,4005214.0,"['Tank', 'Wellhead.East']","[0.0925344, 0.6443135999999999]"
585,4019616.0,4028136.0,['Wellhead.West'],[0.3817044]
586,4038938.0,4047037.0,['Separator.East'],[0.5157936]
587,4057840.0,4059002.0,['Wellhead.East'],[0.6965784000000002]
588,4059002.0,4071640.0,['Wellhead.East'],[0.7085736]
589,4080642.0,4096241.0,['Wellhead.West'],[0.554778]
590,4105244.0,4115744.0,['Separator.West'],[0.340578]
591,4126545.0,4139625.0,['Wellhead.West'],[0.8777916]
592,4146826.0,4146827.0,['Wellhead.East'],[0.4922316]
593,4146827.0,4159845.0,"['Wellhead.East', 'Tank']","[0.4922316, 0.184212]"
594,4167047.0,4167048.0,['Wellhead.East'],[0.6850116]
595,4167048.0,4178026.0,"['Wellhead.East', 'Separator.West']","[0.6850116, 0.3568572]"
596,4178026.0,4178027.0,['Wellhead.East'],[0.6850116]
597,4188829.0,4199148.0,['Separator.West'],[0.6001884]
598,4231804.0,4246199.0,"['Separator.West', 'Separator.East', 'Wellhead.East']","[0.6503112, 0.6451704, 0.6524532000000001]"
599,4253401.0,4258499.0,"['Tank', 'Separator.East']","[0.1773576, 1.5623748]"
600,4260302.0,4270801.0,"['Wellhead.West', 'Tank']","[1.0517220000000005, 0.1812132]"
601,4274403.0,4284902.0,"['Wellhead.West', 'Separator.East', 'Wellhead.East', 'Tank']","[0.4549607999999999, 0.8208144, 0.4403952, 0.0933912]"
602,4284902.0,4284903.0,"['Separator.East', 'Wellhead.West']","[0.8208144, 0.4549607999999999]"
603,4288504.0,4288505.0,"['Tank', 'Separator.West', 'Separator.East']","[2.6890668, 1.587222, 1.882818]"
604,4288505.0,4311003.0,"['Separator.West', 'Wellhead.East', 'Tank', 'Separator.East']","[1.587222, 0.9270576, 2.6890668, 1.882818]"
605,4311003.0,4311004.0,"['Separator.East', 'Tank']","[1.882818, 2.6890668]"
606,4318203.0,4332605.0,"['Wellhead.East', 'Separator.West']","[0.9321984000000002, 0.5650596]"
607,4332605.0,4332606.0,['Wellhead.East'],[0.9321984000000002]
608,4339809.0,4339810.0,['Tank'],[0.2583252]
609,4339810.0,4360208.0,"['Tank', 'Wellhead.East']","[0.2583252, 0.6485976000000001]"
610,4360208.0,4360209.0,['Tank'],[0.2583252]
611,4371013.0,4371014.0,['Separator.East'],[0.6001884]
612,4371014.0,4387212.0,"['Separator.East', 'Wellhead.East', 'Wellhead.West']","[0.6001884, 0.7038612000000001, 0.5620608]"
613,4387212.0,4387213.0,['Wellhead.East'],[0.7038612000000001]
614,4394415.0,4394416.0,['Separator.East'],[1.8292680000000008]
615,4394416.0,4401615.0,"['Separator.West', 'Separator.East']","[1.5632316000000002, 1.8292680000000008]"
616,4408817.0,4420817.0,['Tank'],[0.5299307999999999]
617,4426220.0,4431018.0,['Wellhead.West'],[0.9643284]
618,4432821.0,4432822.0,['Separator.West'],[0.5744844]
619,4432822.0,4437321.0,"['Wellhead.East', 'Separator.West']","[0.9437652, 0.5744844]"
620,4439124.0,4439125.0,['Tank'],[0.254898]
621,4439125.0,4452143.0,"['Tank', 'Separator.East']","[0.254898, 1.2590676]"
622,4459346.0,4469724.0,['Separator.West'],[1.5495228]
623,4475129.0,4485629.0,['Wellhead.West'],[3.6152676000000006]
624,4492831.0,4501830.0,"['Tank', 'Wellhead.West']","[0.2489004, 1.0285884]"
625,4512633.0,4512634.0,"['Tank', 'Wellhead.East', 'Wellhead.West']","[0.0908208, 0.4206888000000001, 1.0371564]"
626,4512634.0,4541432.0,"['Wellhead.East', 'Separator.East', 'Tank', 'Wellhead.West']","[0.4206888000000001, 0.3123036, 0.0908208, 1.0371564]"
627,4541432.0,4541433.0,"['Tank', 'Wellhead.West']","[0.0908208, 1.0371564]"
628,4555835.0,4555836.0,['Wellhead.West'],[1.9440792000000005]
629,4555836.0,4566934.0,"['Wellhead.West', 'Tank']","[1.9440792000000005, 7.149996000000001]"
630,4577739.0,4593637.0,['Tank'],[0.5282172]
631,4599041.0,4615539.0,"['Separator.East', 'Tank']","[0.6138972, 0.0908208]"
632,4615539.0,4615540.0,['Separator.East'],[0.6138972]
633,4619144.0,4636842.0,['Wellhead.East'],[1.5221052000000002]
634,4644045.0,4654844.0,"['Tank', 'Separator.East', 'Separator.West']","[0.0891072, 0.7424172, 0.3054492]"
635,4665646.0,4685445.0,['Tank'],[0.5222196]
636,4699848.0,4713947.0,"['Wellhead.West', 'Tank']","[0.9557604, 0.0912492]"
637,4713947.0,4713948.0,['Tank'],[0.0912492]
638,4717550.0,4722349.0,"['Separator.East', 'Wellhead.East']","[0.7719768, 0.9193464]"
639,4722349.0,4722350.0,['Separator.East'],[0.7719768]
640,4729554.0,4750201.0,['Wellhead.West'],[0.9454788]
641,4750201.0,4750252.0,['Wellhead.West'],[0.94852044]
642,4757457.0,4766456.0,"['Separator.West', 'Separator.East']","[0.55850508, 0.7675642800000001]"
643,4771860.0,4797660.0,['Separator.East'],[0.7682925600000001]
644,4804863.0,4820462.0,['Tank'],[7.05656196]
645,4836597.0,4836603.0,['Separator.West'],[0.3268692]
646,4836603.0,4856402.0,"['Wellhead.East', 'Separator.East', 'Separator.West', 'Tank']","[0.4202604, 0.3101616, 0.3268692, 0.0903924]"
647,4858203.0,4858204.0,['Wellhead.West'],[0.5436396]
648,4858204.0,4884302.0,"['Wellhead.West', 'Tank']","[0.5436396, 0.092106]"
649,4884302.0,4884303.0,['Tank'],[0.092106]
650,4891505.0,4912805.0,"['Wellhead.East', 'Separator.East']","[2.0010564, 1.484406]"
651,4920007.0,4921207.0,['Tank'],[6.982063200000001]
652,4928410.0,4944609.0,"['Wellhead.East', 'Separator.East']","[0.3932712, 0.2523276]"
653,4944609.0,4944610.0,['Wellhead.East'],[0.3932712]
654,4950014.0,4978513.0,"['Wellhead.East', 'Separator.East']","[0.4194036, 0.308448]"
655,4978513.0,4978514.0,['Wellhead.East'],[0.4194036]
656,4989317.0,4990517.0,"['Separator.East', 'Wellhead.West']","[1.4424228000000006, 3.5874216000000003]"
657,4995920.0,4995921.0,['Separator.West'],[1.5221052000000002]
658,4995921.0,5009398.0,"['Wellhead.East', 'Separator.West']","[1.4557032, 1.5221052000000002]"
659,5009398.0,5009420.0,"['Separator.West', 'Wellhead.East']","[1.5268176, 1.4625576]"
660,5013023.0,5031022.0,['Wellhead.East'],[1.3378932]
661,5038227.0,5060426.0,"['Wellhead.West', 'Tank']","[0.7437024, 0.0912492]"
662,5067628.0,5081127.0,"['Wellhead.West', 'Tank', 'Separator.West']","[2.4920028000000003, 6.930655200000001, 0.5791968000000001]"
663,5081127.0,5081128.0,"['Wellhead.West', 'Tank']","[2.4920028000000003, 6.930655200000001]"
664,5086532.0,5092531.0,['Wellhead.West'],[0.9360540000000002]
665,5096134.0,5106393.0,"['Separator.West', 'Tank']","[0.29988, 0.0886788]"
666,5109996.0,5109997.0,['Separator.East'],[0.2900268]
667,5109997.0,5113835.0,"['Separator.East', 'Wellhead.West']","[0.2900268, 0.4815216]"
668,5113835.0,5113836.0,['Separator.East'],[0.2900268]
669,5117440.0,5126438.0,"['Separator.East', 'Tank', 'Wellhead.East', 'Wellhead.West', 'Separator.West']","[0.2566116, 0.089964, 0.3949848000000001, 0.4699548000000001, 0.2831724]"
670,5126438.0,5126439.0,"['Separator.West', 'Separator.East', 'Tank']","[0.2831724, 0.2566116, 0.089964]"
671,5130043.0,5154341.0,['Wellhead.East'],[0.3919860000000001]
672,5165145.0,5172344.0,"['Separator.East', 'Separator.West']","[1.3841604000000003, 1.5036840000000002]"
673,5179548.0,5179549.0,"['Wellhead.East', 'Wellhead.West']","[0.6220368, 1.9059516000000003]"
674,5179549.0,5182203.0,"['Separator.East', 'Wellhead.West', 'Wellhead.East']","[0.5834808, 1.9059516000000003, 0.6220368]"
675,5182203.0,5182248.0,"['Wellhead.West', 'Separator.East', 'Wellhead.East']","[1.8973836, 0.5864796, 0.6246072]"
676,5187650.0,5187651.0,['Tank'],[0.0886788]
677,5187651.0,5200249.0,"['Separator.West', 'Tank']","[0.2737476, 0.0886788]"
678,5203853.0,5203854.0,['Separator.West'],[0.28917]
679,5203854.0,5226352.0,"['Separator.West', 'Tank']","[0.28917, 0.0908208]"
680,5226352.0,5226353.0,['Separator.West'],[0.28917]
681,5240756.0,5258145.0,['Tank'],[0.6074712000000001]
682,5422893.0,5422942.0,['Separator.West'],[2.8385784000000003]
683,5422943.0,5434254.0,['Separator.West'],[2.6106696]
684,5441401.0,5457604.0,"['Separator.West', 'Separator.East']","[0.6271776, 0.6181812]"
685,5463006.0,5473205.0,['Separator.West'],[0.3011652]
686,5475007.0,5475008.0,['Tank'],[0.0933912]
687,5475008.0,5496907.0,"['Separator.East', 'Tank']","[0.2219112, 0.0933912]"
688,5507711.0,5507712.0,"['Separator.East', 'Wellhead.East', 'Wellhead.West']","[0.5877648000000001, 0.89964, 2.5262748]"
689,5507712.0,5519409.0,"['Separator.East', 'Wellhead.East', 'Tank', 'Wellhead.West']","[0.5877648000000001, 0.89964, 3.2147136000000005, 2.5262748]"
690,5519409.0,5519410.0,"['Wellhead.East', 'Separator.East', 'Wellhead.West']","[0.89964, 0.5877648000000001, 2.5262748]"
691,5530213.0,5542212.0,"['Wellhead.West', 'Separator.East']","[1.0255896, 0.6143256000000001]"
692,5549416.0,5575816.0,"['Tank', 'Separator.East']","[0.0916776, 0.2660364]"
693,5586619.0,5588718.0,['Tank'],[7.062174]
694,5594122.0,5607921.0,['Separator.East'],[1.9252296]
695,5618725.0,5618726.0,"['Wellhead.East', 'Separator.East']","[0.6400296, 0.5539212]"
696,5618726.0,5632224.0,"['Tank', 'Wellhead.East', 'Separator.East']","[0.1722168, 0.6400296, 0.5539212]"
697,5635828.0,5635829.0,['Separator.East'],[0.2673216]
698,5635829.0,5664327.0,"['Tank', 'Wellhead.West', 'Separator.East', 'Wellhead.East']","[0.0916776, 0.9514764, 0.2673216, 0.4052664000000001]"
699,5664327.0,5664328.0,['Wellhead.West'],[0.9514764]
700,5671530.0,5672579.0,['Wellhead.West'],[3.622122]
701,5705435.0,5718634.0,['Wellhead.East'],[1.5227478000000003]
702,5722238.0,5722239.0,['Separator.East'],[0.7968668400000001]
703,5722239.0,5741437.0,"['Wellhead.East', 'Separator.East']","[0.6665904, 0.7968668400000001]"
704,5741437.0,5741438.0,['Wellhead.East'],[0.6665904]
705,5748641.0,5751640.0,['Tank'],[7.20543096]
706,5758844.0,5758845.0,['Wellhead.West'],[2.4965010000000003]
707,5758845.0,5775944.0,"['Wellhead.West', 'Wellhead.East']","[2.4965010000000003, 1.3018647600000002]"
708,5783147.0,5783148.0,['Wellhead.East'],[0.6022875599999999]
709,5783148.0,5787002.0,"['Wellhead.East', 'Separator.West']","[0.6022875599999999, 0.51510816]"
710,5787002.0,5787047.0,"['Separator.West', 'Wellhead.East']","[0.5176785599999999, 0.60391548]"
711,5790652.0,5801450.0,['Separator.West'],[0.2713914]
712,5808654.0,5834453.0,"['Separator.East', 'Separator.West']","[0.5523361200000001, 0.16711884]"
713,5848858.0,5869856.0,"['Wellhead.East', 'Separator.West', 'Separator.East', 'Wellhead.West', 'Tank']","[0.40475232, 0.30622032, 0.28591416, 0.30669156, 0.08747928]"
714,5869856.0,5869857.0,"['Wellhead.West', 'Separator.West', 'Tank']","[0.30669156, 0.30622032, 0.08747928]"
715,5873461.0,5891460.0,"['Separator.West', 'Tank']","[0.1375164, 0.0886788]"
716,5895064.0,5919662.0,"['Separator.West', 'Tank']","[1.1391156, 0.0912492]"
717,5919662.0,5919663.0,['Separator.West'],[1.1391156]
718,5934066.0,5952665.0,['Wellhead.West'],[0.927486]
719,5959869.0,5976068.0,"['Wellhead.East', 'Separator.East']","[0.3864168, 0.5963328]"
720,5981472.0,5981473.0,"['Wellhead.East', 'Separator.West']","[0.4031244, 0.2283372]"
721,5981473.0,6010271.0,"['Separator.East', 'Wellhead.East', 'Separator.West', 'Wellhead.West', 'Tank']","[0.2643228, 0.4031244, 0.2283372, 0.4511052, 0.0912492]"
722,6010271.0,6010272.0,"['Separator.West', 'Wellhead.West', 'Tank']","[0.2283372, 0.4511052, 0.0912492]"
723,6021076.0,6027076.0,['Tank'],[6.893812800000001]
724,6038575.0,6038667.0,['Wellhead.West'],[0.014994]
725,6038668.0,6038776.0,['Wellhead.West'],[0.1388016]
726,6038777.0,6039007.0,['Wellhead.West'],[0.2069172]
727,6039008.0,6039042.0,['Wellhead.West'],[0.2788884]
728,6039043.0,6039063.0,['Wellhead.West'],[0.3551436]
729,6039064.0,6039084.0,['Wellhead.West'],[0.43911]
730,6039087.0,6039126.0,['Wellhead.West'],[0.070686]
731,6039127.0,6039156.0,['Wellhead.West'],[0.1872108]
732,6039157.0,6039177.0,['Wellhead.West'],[0.3560004]
733,6039178.0,6039202.0,['Wellhead.West'],[0.4999427999999999]
734,6039203.0,6039228.0,['Wellhead.West'],[0.7098588000000001]
735,6039229.0,6039249.0,['Wellhead.West'],[0.8469468]
736,6039250.0,6039267.0,['Wellhead.West'],[1.0080252]
737,6039271.0,6039294.0,['Wellhead.West'],[0.8837891999999999]
738,6039295.0,6039315.0,['Wellhead.West'],[1.8759636]
739,6039316.0,6039356.0,['Wellhead.West'],[2.8878444]
740,6039357.0,6039400.0,['Wellhead.West'],[3.709944]
741,6039401.0,6039413.0,['Wellhead.West'],[4.313988]
742,6039414.0,6039430.0,['Wellhead.West'],[4.874335200000001]
743,6039431.0,6039443.0,['Wellhead.West'],[5.31216]
744,6046202.0,6062404.0,"['Tank', 'Separator.West']","[0.1782144, 0.3024504]"
745,6067806.0,6091505.0,['Separator.East'],[1.2466440000000003]
746,6098707.0,6108606.0,['Wellhead.West'],[3.7030896]
747,6115809.0,6126609.0,['Tank'],[3.134602800000001]
748,6137411.0,6150610.0,"['Wellhead.East', 'Tank', 'Wellhead.West', 'Separator.West', 'Separator.East']","[0.3966984, 0.2510424, 0.372708, 0.2887416, 0.2574684]"
749,6150610.0,6150611.0,"['Wellhead.West', 'Tank']","[0.372708, 0.2510424]"
750,6154214.0,6172512.0,['Separator.East'],[1.2299364000000002]
751,6179716.0,6183915.0,"['Wellhead.West', 'Tank']","[2.8767060000000004, 7.105014]"
752,6183915.0,6183916.0,['Wellhead.West'],[2.8767060000000004]
753,6191119.0,6208218.0,"['Separator.East', 'Wellhead.East']","[1.7628660000000005, 2.480436]"
754,6219021.0,6233420.0,"['Tank', 'Separator.West']","[0.0912492, 0.4853772]"
755,6240623.0,6240624.0,['Separator.West'],[1.1686751999999998]
756,6240624.0,6269123.0,"['Tank', 'Separator.West']","[0.0955332, 1.1686751999999998]"
757,6276325.0,6278483.0,['Tank'],[7.1075844]
758,6285687.0,6297926.0,['Tank'],[5.4205452]
759,6308728.0,6308729.0,['Tank'],[0.1807848]
760,6308729.0,6319827.0,"['Separator.West', 'Tank']","[0.582624, 0.1807848]"
761,6319827.0,6319828.0,['Separator.West'],[0.582624]
762,6327031.0,6354330.0,['Separator.East'],[0.8079624000000001]
763,6361533.0,6361534.0,['Wellhead.West'],[2.8797048]
764,6361534.0,6362732.0,"['Wellhead.West', 'Tank']","[2.8797048, 7.1067276]"
765,6366334.0,6373533.0,['Wellhead.West'],[3.688524]
766,6377137.0,6384336.0,['Wellhead.West'],[4.974580800000001]
767,6395138.0,6406237.0,"['Separator.East', 'Tank']","[0.6460272, 0.0951048]"
768,6413440.0,6441339.0,"['Separator.East', 'Separator.West']","[0.6563088000000001, 0.357714]"
769,6452142.0,6474641.0,"['Tank', 'Separator.East']","[0.2698920000000001, 0.8109612]"
770,6485445.0,6496244.0,"['Separator.West', 'Separator.East']","[0.3260124000000001, 0.282744]"
771,6499848.0,6499849.0,"['Tank', 'Wellhead.East']","[0.09639, 0.4438224]"
772,6499849.0,6528347.0,"['Separator.East', 'Wellhead.East', 'Wellhead.West', 'Tank', 'Separator.West']","[0.2895984, 0.4438224, 0.3547152, 0.09639, 0.317016]"
773,6542751.0,6557450.0,"['Wellhead.East', 'Wellhead.West']","[0.6246072, 0.8692236]"
774,6564653.0,6564654.0,['Wellhead.East'],[0.9386244]
775,6564654.0,6582653.0,"['Wellhead.East', 'Tank']","[0.9386244, 0.1700748]"
776,6586256.0,6614335.0,"['Tank', 'Wellhead.East']","[0.0938195999999999, 0.9643284]"
777,6621538.0,6625137.0,['Wellhead.West'],[3.6015588]
778,6629419.0,6633018.0,['Wellhead.West'],[4.298994]
779,6651004.0,6667200.0,"['Separator.East', 'Tank']","[0.7591248, 0.0882503999999999]"
780,6672602.0,6695281.0,"['Separator.West', 'Wellhead.East']","[0.3440052, 0.4074083999999999]"
781,6702482.0,6703922.0,['Tank'],[7.1448552]
782,6707524.0,6710763.0,"['Tank', 'Wellhead.West']","[3.2661216, 2.8608552000000005]"
783,6714364.0,6719764.0,['Wellhead.West'],[3.6152676000000006]
784,6726965.0,6726966.0,['Separator.East'],[1.4154336]
785,6726966.0,6734164.0,"['Separator.West', 'Separator.East']","[1.0825668000000002, 1.4154336]"
786,6741367.0,6755406.0,['Wellhead.East'],[1.529388]
787,6759008.0,6787447.0,"['Separator.West', 'Wellhead.East']","[0.29988, 0.4056947999999999]"
788,6791050.0,6792849.0,['Wellhead.West'],[4.339263600000001]
789,6798250.0,6800410.0,['Tank'],[6.9559308]
790,6804012.0,6807719.0,"['Wellhead.West', 'Tank']","[4.6489968, 3.2155704000000003]"
791,6814922.0,6822120.0,"['Wellhead.East', 'Separator.East']","[0.8919288000000002, 1.891386]"
792,6822120.0,6822121.0,['Separator.East'],[1.891386]
793,6827523.0,6827524.0,"['Separator.East', 'Separator.West', 'Tank']","[0.7706916, 0.5025132, 0.1687896]"
794,6827524.0,6841922.0,"['Tank', 'Wellhead.East', 'Separator.East', 'Separator.West']","[0.1687896, 0.3958416, 0.7706916, 0.5025132]"
795,6845524.0,6868204.0,['Separator.East'],[1.2153708]
796,6875405.0,6876485.0,['Wellhead.West'],[4.8837600000000005]
797,6881888.0,6884407.0,"['Wellhead.West', 'Tank']","[2.8308672, 3.2284224]"
798,6890404.0,6894003.0,['Tank'],[6.9957720000000005]
799,6895878.0,6897047.0,['Tank'],[7.003054800000001]
800,6899407.0,6905525.0,"['Wellhead.East', 'Separator.West']","[0.9009252, 1.5400980000000002]"
801,6905525.0,6905526.0,['Wellhead.East'],[0.9009252]
802,6916328.0,6927126.0,['Tank'],[0.2553264]
803,6930729.0,6950168.0,"['Separator.West', 'Separator.East', 'Wellhead.East']","[0.4802364, 0.7758324, 0.563346]"
804,6960970.0,6964569.0,['Tank'],[5.672444400000001]
805,6968171.0,6968172.0,['Wellhead.West'],[1.912806]
806,6968172.0,6975370.0,"['Tank', 'Wellhead.West']","[3.2729760000000003, 1.912806]"
807,6982573.0,6988332.0,"['Wellhead.West', 'Tank']","[2.8445760000000004, 2.6715024000000005]"
808,6995535.0,6996600.0,['Wellhead.East'],[1.5263892000000003]
809,6996600.0,7011733.0,['Wellhead.East'],[1.5409548]
810,7017136.0,7038735.0,['Separator.West'],[1.1489688]
811,7045937.0,7060336.0,"['Tank', 'Separator.East', 'Wellhead.East', 'Separator.West']","[0.0938195999999999, 0.3260124000000001, 0.4335408, 0.3474324]"
812,7060336.0,7060337.0,['Tank'],[0.0938195999999999]
813,7067539.0,7081938.0,['Tank'],[0.5500656]
814,7092741.0,7099940.0,['Separator.East'],[0.7951104]
815,7103543.0,7132342.0,"['Wellhead.West', 'Tank']","[0.7060031999999999, 0.0938195999999999]"
816,7146744.0,7146745.0,['Wellhead.East'],[0.9150624]
817,7146745.0,7168343.0,"['Separator.West', 'Wellhead.East']","[0.5522076, 0.9150624]"
818,7168343.0,7168344.0,['Separator.West'],[0.5522076]
819,7314070.0,7319855.0,['Tank'],[0.0895356]
820,7319856.0,7320969.0,['Tank'],[0.2476152]
821,7320970.0,7321574.0,['Tank'],[0.3585707999999999]
822,7321575.0,7322702.0,['Tank'],[0.511938]
823,7323454.0,7323496.0,['Tank'],[4.7286792]
824,7323499.0,7323582.0,['Tank'],[1.535814]
825,7323583.0,7323597.0,['Tank'],[3.6174096]
826,7323598.0,7323618.0,['Tank'],[1.5508080000000002]
827,7323619.0,7323643.0,['Tank'],[3.2939676]
828,7323644.0,7323673.0,['Tank'],[1.150254]
829,7323674.0,7323687.0,['Tank'],[4.0843656]
830,7323688.0,7324525.0,['Tank'],[1.1108412]
831,7324526.0,7324611.0,['Tank'],[1.3061916]
832,7324622.0,7325203.0,['Tank'],[1.5846516]
833,7325204.0,7325845.0,['Tank'],[2.3022216]
834,7325846.0,7325889.0,['Tank'],[2.5099956000000003]
835,7325890.0,7326746.0,['Tank'],[3.3089616]
836,7326792.0,7326831.0,['Tank'],[8.7894828]
837,7326834.0,7326897.0,['Tank'],[2.3043636000000003]
838,7326898.0,7326926.0,['Tank'],[2.9593872]
839,7326927.0,7327788.0,['Tank'],[4.2827148]
840,7327945.0,7329220.0,['Tank'],[4.2827148]
841,7329221.0,7329284.0,['Tank'],[3.022362]
842,7329285.0,7329308.0,['Tank'],[4.2441588]
843,7329309.0,7330327.0,['Tank'],[3.0172212000000003]
844,7332373.0,7332545.0,['Tank'],[2.9919456]
845,7332725.0,7332847.0,['Tank'],[2.9863764]
846,7333084.0,7333204.0,['Tank'],[2.9820924000000004]
847,7333452.0,7333615.0,['Tank'],[4.239018]
848,7333753.0,7333876.0,['Tank'],[4.232592]
849,7334184.0,7334290.0,['Tank'],[4.216312800000001]
850,7334377.0,7334404.0,['Tank'],[4.7779452]
851,7334415.0,7334445.0,['Tank'],[2.8946988]
852,7334446.0,7334515.0,['Tank'],[2.236248]
853,7334893.0,7335045.0,['Tank'],[2.231964]
854,7335252.0,7335363.0,['Tank'],[2.2306788]
855,7335506.0,7335616.0,['Tank'],[2.2332492000000004]
856,7335785.0,7335934.0,['Tank'],[2.2366764000000003]
857,7336183.0,7336302.0,['Tank'],[1.5439536]
858,7336447.0,7336544.0,['Tank'],[1.5426684]
859,7336670.0,7336789.0,['Tank'],[1.5460956]
860,7336956.0,7337076.0,['Tank'],[1.1044151999999998]
861,7337206.0,7337301.0,['Tank'],[1.1005596]
862,7337426.0,7337969.0,['Tank'],[1.1052720000000005]
863,7338291.0,7338425.0,['Tank'],[0.50337]
864,7338546.0,7338652.0,['Tank'],[0.5037984000000001]
865,7338805.0,7339037.0,['Tank'],[0.5029416000000001]
866,7339226.0,7339385.0,['Tank'],[0.2403324]
867,7339507.0,7339720.0,['Tank'],[0.239904]
868,7339899.0,7340164.0,['Tank'],[0.2407608]
